account,total_amount,transaction_count
C1329505805,929560,40,1
C1021138110,317806,64,1
C2060124480,564581,34,1
C47418566,246846,74,1
C683517513,11510,47,1
C1603277895,19080,06,1
C355447775,118577,00,1
C968373819,765639,59,1
C1826083903,840886,94,1
C83544669,398355,54,1
C111960027,10167,71,1
C186415926,114837,89,1
C867911989,1039778,19,1
C1694312470,17686,08,1
C486261710,290528,69,1
C255964413,514750,17,1
C437893846,69299,64,1
C1335472383,14093,90,1
C1967335114,11001,90,1
C345416906,10456,77,1
C1090806613,13988,94,1
C1786072969,10680,86,1
C1045669465,29488,10,1
C1518216286,22122,28,1
C1210532271,30221,72,1
C1425083484,69635,10,1
C127384820,303693,11,1
C1049202430,413692,19,1
C930204377,135720,15,1
C2050381236,102211,82,1
C276195836,251863,34,1
C1541639922,93943,96,1
C1208500937,118750,48,1
C772310098,541556,34,1
C172499664,461511,97,1
C928286087,53459,12,1
C747199999,285656,95,1
C1469680626,1130828,97,1
C1384801340,198823,60,1
C597100475,80218,06,1
C260486188,17189,18,1
C1428903833,127433,52,1
C305403110,24070,53,1
C976156057,247066,24,1
C85304558,603999,01,1
C311592722,618122,62,1
C1081587486,702031,37,1
C470819809,11152,32,1
C509532371,273930,25,1
C1004229504,45656,63,1
C1216189073,13383,94,1
C2129168426,12322,30,1
C758477563,10346,92,1
C86828392,636710,53,1
C1454577244,49395,17,1
C26816520,107360,06,1
C260890108,92924,64,1
C1921268174,10475,29,1
C840510057,11096,20,1
C112667746,162038,00,1
C1700296123,15578,71,1
C1157016655,36600,63,1
C224661478,16487,80,1
C186826428,120142,49,1
C1060814439,17899,15,1
C1455659337,68814,90,1
C28782490,11110,20,1
C698229852,15919,89,1
C1432043209,11123,69,1
C1416807034,228141,30,1
C1412764055,11066,92,1
C326791409,30366,40,1
C2070813038,12774,51,1
C538459693,51024,98,1
C1124290846,24025,52,1
C1143156756,19104,84,1
C1864715641,23429,64,1
C228732988,21191,67,1
C905962412,528013,15,1
C267081652,98848,63,1
C543835743,11045,61,1
C1870823910,12726,04,1
C1631120910,11160,28,1
C254340633,12064,58,1
C626183040,143860,31,1
C2052683787,263017,13,1
C973030433,55412,64,1
C937513045,10701,58,1
C1919451866,16261,55,1
C1281769434,154402,33,1
C1505720819,340862,96,1
C1665366772,15619,46,1
C1390694257,436465,06,1
C525401732,13006,27,1
C1996346865,13670,00,1
C1411151613,138389,21,1
C1455581985,80117,92,1
C992155575,129079,67,1
C264953989,11177,15,1
C2017703518,18596,20,1
C1434796930,595846,21,1
C1875395688,810479,77,1
C292568264,457008,04,1
C1786221884,12921,90,1
C715978059,235427,33,1
C1730956836,141623,72,1
C2021011079,344693,57,1
C906808168,29066,84,1
C1050573424,133897,63,1
C936706583,30030,44,1
C306941929,38040,24,1
C1153012839,122859,05,1
C820458657,226443,90,1
C1558129795,31980,86,1
C412731310,69844,46,1
C902315094,151095,37,1
C300918638,211326,73,1
C1658116804,239049,70,1
C502661440,258307,33,1
C1058238991,136032,35,1
C1145496025,285134,78,1
C1479867711,268149,38,1
C1491026718,137197,06,1
C1950477803,175230,37,1
C165851545,43721,63,1
C1662807796,35447,66,1
C57010927,261230,56,1
C2055269325,42055,67,1
C26153568,92589,97,1
C1072154748,492198,86,1
C1025979136,1379628,76,1
C1203429941,12923,20,1
C1274740515,703911,36,1
C1357064600,12255,05,1
C1514502817,18106,63,1
C177522915,150955,19,1
C857581345,95178,13,1
C959116000,88189,43,1
C1084423634,81678,71,1
C39867443,85304,05,1
C117548955,156273,53,1
C1187505856,134662,68,1
C642554260,253411,19,1
C1923018591,37636,22,1
C1823843917,97708,32,1
C1059846157,16657,05,1
C2062929510,462678,47,1
C1761528165,111913,25,1
C396926129,570796,52,1
C491457031,127408,65,1
C1036381071,453233,63,1
C52401871,187429,05,1
C1565193331,1055284,91,1
C1215109224,939538,85,1
C1345177914,243525,21,1
C416864887,1575365,68,1
C1942806465,2940764,72,1
C155333444,617735,13,1
C1603462635,1656720,92,1
C389916964,41829,08,1
C559872790,183406,12,1
C487523318,514977,05,1
C798836643,238567,79,1
C48504332,125132,00,1
C1814597744,15527,03,1
C847981610,10808,71,1
C1551639246,11178,56,1
C1840619046,10526,04,1
C1210252371,528622,86,1
C886499748,39000,87,1
C1577643304,14995,90,1
C245582109,16898,93,1
C1768761582,12999,83,1
C598748983,44762,67,1
C1378060385,12073,80,1
C1892828550,17320,10,1
C1069508327,14503,64,1
C61693849,18068,40,1
C1805360313,10386,18,1
C944009331,34061,71,1
C1509123129,14688,56,1
C1783192968,16751,47,1
C1807742546,15430,00,1
C1741034833,13019,49,1
C886457525,26470,27,1
C869051292,10751,65,1
C1377887999,13439,35,1
C1497215635,388950,76,1
C19262759,14290,67,1
C698325633,371574,20,1
C2082418981,302788,52,1
C641976998,529611,71,1
C280194442,591002,43,1
C954269867,54120,86,1
C320205269,30772,28,1
C592313486,11591,30,1
C317927321,18152,45,1
C451116002,26544,65,1
C1048133811,61824,71,1
C636370134,15252,67,1
C835751985,13530,98,1
C1222626908,10310,58,1
C326802793,11759,29,1
C117706097,36977,71,1
C1695373885,12066,94,1
C329097750,35499,54,1
C795815313,29401,85,1
C1492700687,24079,53,1
C777295125,13866,78,1
C650417367,88414,44,1
C1953789681,245565,33,1
C994419686,12910,33,1
C1711756103,21172,65,1
C342576236,11425,82,1
C1295011929,773026,68,1
C2083062342,17313,59,1
C560849466,23140,34,1
C448491930,164382,42,1
C242626688,1167278,82,1
C1990315034,10815,32,1
C242495499,793967,31,1
C887596583,27004,28,1
C1328968427,13524,51,1
C1814062048,1277771,78,1
C1156916634,13256,84,1
C1677203878,223310,57,1
C562851134,573285,84,1
C1682037548,104225,08,1
C1698185801,295226,09,1
C1283267007,12051,83,1
C380088157,12327,45,1
C1523093869,11608,19,1
C1789843584,153179,07,1
C899220406,16050,88,1
C1501852719,15109,46,1
C756603373,12532,47,1
C603574478,14825,90,1
C1670501199,126331,28,1
C1947633620,51861,21,1
C1832681663,13746,26,1
C474647699,423000,44,1
C1673413960,12344,75,1
C2000344873,17283,98,1
C47491804,655143,29,1
C1210315984,11248,16,1
C418234073,266192,80,1
C1124506335,109673,97,1
C1453157901,172180,99,1
C1994710867,170745,60,1
C1700257002,595879,01,1
C2127390817,12346,69,1
C1927960180,435704,21,1
C2103304108,11830,05,1
C752286440,112683,32,1
C1076550812,18372,81,1
C2146222703,109259,68,1
C1305218621,134800,04,1
C383717053,262434,54,1
C2101686389,262434,54,1
C485281961,889053,15,1
C44746251,24461,49,1
C647226268,19286,24,1
C360328326,16498,15,1
C1251831481,486780,94,1
C1877303247,13367,64,1
C810103755,18355,13,1
C1332786777,107644,48,1
C859701702,281889,38,1
C815490920,114384,61,1
C509157868,113688,15,1
C921262971,2011670,91,1
C726998651,337085,02,1
C841193958,243318,08,1
C1144886446,566270,79,1
C1349101851,140812,05,1
C1331353271,1658697,08,1
C2105634098,401672,66,1
C1623105503,1737772,93,1
C1580741277,2241254,39,1
C33951224,423234,24,1
C71303206,12700,77,1
C1230121951,14163,73,1
C629050435,115697,98,1
C949988699,104945,48,1
C1403405730,11999,97,1
C2023572983,12397,18,1
C790333296,20001,60,1
C414890331,12724,43,1
C2052403472,39554,82,1
C1358323680,20293,35,1
C789112531,10146,80,1
C1576882092,11918,74,1
C750617950,164411,83,1
C288663860,409358,66,1
C899266536,10711,55,1
C1552439732,12119,88,1
C1200981870,256641,44,1
C1717442773,326244,05,1
C811741449,916428,17,1
C208280546,1002954,19,1
C1652045594,241160,57,1
C1543560717,822798,92,1
C1801561264,2511647,23,1
C853251323,515061,08,1
C52931619,1541543,10,1
C1591550320,1789373,23,1
C369749333,1571619,71,1
C681786825,133531,07,1
C217590872,14065,07,1
C1511067261,17819,61,1
C1784116580,98540,13,1
C1692827845,10547,99,1
C1755823122,33812,13,1
C343016386,23139,47,1
C1800898425,28378,48,1
C1369314550,1067743,66,1
C772267043,12840,44,1
C1358286427,10087,12,1
C515702001,11855,45,1
C907875994,342464,49,1
C891978115,174895,86,1
C1692204297,191112,23,1
C1324249868,56299,70,1
C2100157427,101552,76,1
C18794137,123168,11,1
C929847632,123875,88,1
C1452064653,77276,07,1
C2066971,59241,82,1
C1860900345,66908,47,1
C313423345,114066,94,1
C1686521973,199710,23,1
C396308663,13279,36,1
C1466268566,197243,16,1
C2137077755,64055,98,1
C732633121,171921,96,1
C2061982630,205238,71,1
C877891582,192190,94,1
C58387611,347259,03,1
C2031423770,211918,40,1
C633170154,456997,53,1
C1146076435,213745,30,1
C1337847418,15743,57,1
C1983354774,13476,01,1
C1848513006,28016,57,1
C174662829,12667,99,1
C1033660920,12434,30,1
C716294057,10315,37,1
C639393055,440226,25,1
C191883794,26499,11,1
C1230672645,16132,30,1
C776058458,27494,69,1
C345962058,47696,49,1
C529187929,34057,28,1
C865814008,24285,62,1
C1547929493,17602,85,1
C941392492,10114,65,1
C273573184,15698,38,1
C646492862,14436,95,1
C483939310,13117,45,1
C361467152,11454,41,1
C1262516935,11527,48,1
C697701797,12060,01,1
C357350214,31142,75,1
C275529226,11079,34,1
C459545751,19895,93,1
C512428725,11396,93,1
C552494603,15171,77,1
C116449140,21227,00,1
C1760459579,14298,19,1
C1122185195,66345,42,1
C905774041,10236,70,1
C246903361,14731,43,1
C871623676,13451,60,1
C1934897224,14978,23,1
C1352532563,12687,23,1
C1733034446,14279,36,1
C683572661,14621,24,1
C1181479782,186948,68,1
C743365178,41088,35,1
C352959830,107752,32,1
C2140284195,280436,10,1
C2094191542,208168,06,1
C1008774102,290975,16,1
C2038595185,90106,13,1
C928416421,349036,00,1
C941557161,351726,30,1
C915307834,346519,18,1
C244842574,435330,06,1
C800329289,396017,83,1
C961997107,252921,55,1
C1729454521,217951,10,1
C1688211424,134905,99,1
C1617300769,506721,82,1
C1082126943,10266,02,1
C68013047,10837,97,1
C1511538598,267174,86,1
C1989968081,548931,88,1
C1200740612,643137,09,1
C1730497011,126589,22,1
C1004728150,11168,84,1
C102027291,116118,94,1
C794413935,10521,67,1
C2015935595,170108,96,1
C2023156074,17126,69,1
C466989512,13155,28,1
C25623662,126315,46,1
C792739082,286381,33,1
C363529313,154960,56,1
C1919747202,419296,35,1
C1124973744,329503,27,1
C1390178738,72428,51,1
C2027198777,211384,58,1
C1742961957,218466,18,1
C1342958495,399635,37,1
C742359535,21374,64,1
C971578330,875756,90,1
C710778590,15325,40,1
C388165089,457456,67,1
C1985894997,14709,78,1
C63361978,10916,10,1
C1986550448,1626960,47,1
C1158870513,16918,31,1
C1107677641,740951,52,1
C2006768185,351561,05,1
C1778013494,229105,83,1
C566974024,700223,91,1
C1032122643,25900,29,1
C837596001,393091,20,1
C334648813,17399,44,1
C1007094494,12333,76,1
C946684363,29181,32,1
C2111384118,10446,63,1
C1318916377,117762,75,1
C511920731,13201,91,1
C1582466166,141257,69,1
C1092083913,12187,12,1
C1584060492,452835,39,1
C882144085,13397,45,1
C815017812,10659,13,1
C14027428,78278,45,1
C1225732013,89608,08,1
C1475028309,27416,73,1
C1469906116,183547,99,1
C1458115183,162684,74,1
C139527382,185882,89,1
C597118124,512425,51,1
C1315626381,224221,08,1
C1030517074,284451,31,1
C673216953,41210,57,1
C1884530788,63751,96,1
C1988148908,107057,50,1
C1899793595,175416,04,1
C2057710224,11943,88,1
C2054792662,13878,21,1
C1623624827,392940,08,1
C1208947473,156329,61,1
C1511025446,10399,11,1
C351360092,228251,68,1
C712147062,316493,12,1
C873631725,175236,79,1
C607419787,915732,43,1
C1722496790,10414,20,1
C836211136,309799,70,1
C1336131262,15242,93,1
C1431155101,733678,95,1
C2046308292,80085,58,1
C1726238623,176673,12,1
C878530251,94641,18,1
C1541339374,26205,91,1
C1584938872,357427,06,1
C634320051,41059,08,1
C1319381263,112423,36,1
C1398464310,287860,49,1
C802853600,55593,37,1
C778616125,178055,24,1
C1985832925,10606,95,1
C463272985,111608,93,1
C1597751577,104669,17,1
C1973790994,455512,07,1
C751316099,135528,52,1
C382354738,228982,70,1
C929278717,39048,51,1
C1997919292,110439,98,1
C912362299,713465,67,1
C302408146,25784,58,1
C1338109669,122585,87,1
C1133532327,299337,21,1
C1503636370,115166,62,1
C1027347651,83162,16,1
C274958287,86050,93,1
C1751013735,16322,98,1
C494872345,120223,54,1
C1713994595,65006,66,1
C1504984629,95155,95,1
C706472440,112327,10,1
C256253084,116598,79,1
C925408912,126928,94,1
C1508276760,135471,58,1
C414903944,95485,52,1
C461371,230623,52,1
C772661773,126296,47,1
C1311429106,284677,82,1
C589706630,90962,75,1
C1880725225,228162,38,1
C174933319,18019,00,1
C623450369,302317,81,1
C2057644333,129760,00,1
C53421119,60351,62,1
C1942416364,15960,10,1
C256584979,14503,24,1
C2091004319,19608,07,1
C1962781165,11703,97,1
C913086738,30180,07,1
C1648519339,32118,97,1
C257103036,15736,28,1
C739971314,90608,01,1
C1711349692,155379,43,1
C2087016410,520367,43,1
C507017588,13615,05,1
C751537587,16889,35,1
C460206830,19021,43,1
C346413038,50575,73,1
C2075042187,233938,40,1
C822130127,239972,30,1
C348921692,405812,31,1
C54809409,471390,80,1
C1297151618,578730,75,1
C430414283,402663,46,1
C545714998,27060,81,1
C984522383,379699,71,1
C585027490,499343,04,1
C1491877515,43093,35,1
C24344628,41309,02,1
C726037979,153966,29,1
C987234822,97919,82,1
C1770391569,35426,93,1
C380077824,64974,45,1
C347125753,13845,82,1
C807166509,67429,27,1
C1816294278,102077,16,1
C1571547080,104135,08,1
C626010908,116600,79,1
C1194550829,306323,63,1
C409286572,67152,15,1
C1826737155,36312,69,1
C1154706262,26210,38,1
C54658375,171905,69,1
C38578816,128048,76,1
C129361402,386367,23,1
C1112584385,97217,75,1
C1468711102,385479,54,1
C186764223,239998,35,1
C21531932,243580,55,1
C572980523,248431,72,1
C26979720,72588,32,1
C2081344959,151749,75,1
C1015278026,74364,75,1
C1650994894,578514,87,1
C1360367537,284121,32,1
C226076315,48145,49,1
C2080658983,261370,99,1
C250062136,281934,86,1
C2075455645,123522,30,1
C1699908559,55230,19,1
C831025968,78023,16,1
C1770230975,47819,39,1
C63154023,126714,16,1
C202051758,140158,67,1
C547293574,191490,24,1
C1420284345,109247,89,1
C2047785273,309043,71,1
C236213662,109654,05,1
C503133749,156151,52,1
C432465953,177159,82,1
C1509270390,315257,69,1
C1613658782,10754,33,1
C1814893134,105316,57,1
C258597722,166504,74,1
C1591535578,140231,37,1
C1486521007,329109,11,1
C848963502,72244,19,1
C985496352,103041,57,1
C834072264,253387,93,1
C1525027227,60329,37,1
C1162203072,490606,82,1
C1924009991,442422,28,1
C588574739,179180,78,1
C790020639,397080,05,1
C812709279,767924,00,1
C1473300345,130712,08,1
C134250967,40108,55,1
C1153132630,16639,07,1
C611874803,294581,69,1
C482900198,1532087,16,1
C1950815744,572028,89,1
C2044934146,1236739,50,1
C2049463320,1664987,60,1
C169627497,249943,50,1
C1281894438,1174893,26,1
C2089115376,608944,62,1
C1795102078,335362,53,1
C103634455,16038,80,1
C1942990808,147392,81,1
C144560386,232784,28,1
C840106684,255496,70,1
C1381764980,167410,09,1
C747601258,11167,76,1
C1394343499,530888,87,1
C318321607,19860,30,1
C624718217,16636,00,1
C1600855833,223690,38,1
C502805865,34789,73,1
C179672552,12102,76,1
C565678786,472132,78,1
C2142820128,24050,25,1
C194507157,16251,80,1
C1398998658,341128,83,1
C1741495731,11695,85,1
C313053243,296833,68,1
C2050668346,103928,78,1
C1444955914,13443,71,1
C1627993706,840288,07,1
C2047734670,288884,10,1
C1057444272,10024,27,1
C1476094208,10264,83,1
C1660570248,1465989,27,1
C665690344,297193,49,1
C420266910,675184,96,1
C469018523,234734,39,1
C1474230611,93077,00,1
C984363447,488632,10,1
C4339601,92754,39,1
C2109094401,276036,61,1
C735627505,211258,63,1
C130527868,585853,28,1
C2056319805,307111,99,1
C1707503556,256193,30,1
C1501477292,239781,45,1
C1929713950,216297,45,1
C1584929615,14463,47,1
C286222051,14609,16,1
C1388742949,12837,77,1
C1766705563,19607,97,1
C352580660,94275,66,1
C1693561595,445189,67,1
C1484954668,34987,81,1
C933282758,10030,92,1
C1233563882,2222097,28,1
C1686896318,13223,51,1
C835190949,27334,38,1
C2126981566,10164,97,1
C1900694434,14936,17,1
C1075540518,13176,82,1
C218446003,11774,37,1
C794042208,32605,51,1
C467058608,20251,95,1
C1852361929,14584,16,1
C249514355,11821,83,1
C1478857516,10291,86,1
C1577811800,164242,82,1
C1312538939,28342,33,1
C941027243,356342,94,1
C1221309637,192197,94,1
C1822325490,1094308,58,1
C1076906296,15051,54,1
C207950470,1103184,69,1
C87255309,1123213,77,1
C1640246868,41693,60,1
C808573417,45311,22,1
C854777436,11461,85,1
C1642373234,253181,89,1
C926715701,126588,51,1
C679337620,19203,29,1
C1303448479,359325,17,1
C865100314,16981,52,1
C1156343351,17125,12,1
C1442114564,78749,20,1
C556149726,11946,93,1
C675709282,263470,87,1
C117556243,412292,82,1
C1130431409,12999,97,1
C629230908,255588,22,1
C986147545,14589,17,1
C1247158141,18615,15,1
C760960155,57573,06,1
C1831965951,538645,80,1
C1927610274,45047,16,1
C1944759838,18039,30,1
C308803634,10930,96,1
C589577152,36617,58,1
C2044200796,10311,31,1
C2086004057,10445,05,1
C1680028886,11107,59,1
C2134398042,12186,86,1
C996955574,24936,23,1
C242204546,28085,91,1
C702328190,13979,52,1
C661565357,787766,57,1
C927581868,149478,58,1
C1910012239,11239,89,1
C157926137,15171,58,1
C1049204172,941410,58,1
C72047444,15918,62,1
C1267504937,1197991,95,1
C1202261290,13128,66,1
C2027236684,59189,32,1
C2107660410,137899,53,1
C78081168,11771,68,1
C481817342,14338,89,1
C836252974,12640,76,1
C685573007,181896,67,1
C545535492,180599,70,1
C1703226629,11586,80,1
C1278700356,343435,88,1
C2019598356,10704,20,1
C423861956,13684,75,1
C2005937878,63166,80,1
C1998990961,55861,27,1
C1287976637,265088,15,1
C608525648,77895,39,1
C795038371,127520,73,1
C870227333,84694,13,1
C903151311,10715,15,1
C620961748,12024,66,1
C381096925,14182,40,1
C1086926330,131687,79,1
C1774400964,14914,14,1
C1267385618,12157,95,1
C1381076705,10669,29,1
C1773114251,14815,88,1
C422635759,16525,68,1
C762522842,27007,74,1
C1520596362,16782,56,1
C1472987955,13854,48,1
C406952631,44835,22,1
C2058190325,34873,60,1
C437148684,12700,77,1
C611498500,1486199,17,1
C672073246,429567,20,1
C1533639059,14482,64,1
C615391619,251157,83,1
C1938483077,17992,53,1
C1715259593,43063,97,1
C787309361,18951,06,1
C461996027,12697,33,1
C1265615409,13025,29,1
C1529948259,10023,27,1
C241016743,17902,82,1
C498759457,75837,12,1
C710676827,175207,20,1
C774123810,79043,83,1
C1993137729,15349,39,1
C1556004794,371417,60,1
C2065373060,22094,36,1
C2022680863,487344,19,1
C1130242637,548784,50,1
C1655635061,11899,28,1
C1744981591,15217,98,1
C1448707059,44029,69,1
C1237790647,20671,86,1
C1675570872,86923,76,1
C79120973,133544,47,1
C10740824,48108,93,1
C1762158411,91099,24,1
C1582770952,93999,60,1
C774194879,809801,18,1
C1679932542,123726,50,1
C1066471222,194287,80,1
C1100358297,177107,38,1
C13193469,107226,80,1
C2018801637,59453,13,1
C81745089,436436,54,1
C910091281,819668,37,1
C21964111,185530,93,1
C1544821883,237177,84,1
C1912104290,1008022,35,1
C2079954912,261399,78,1
C1218622610,558601,07,1
C16098944,798540,41,1
C1408974363,2102252,96,1
C1560142500,451044,54,1
C1345525137,941502,27,1
C1935935291,166347,32,1
C1526378110,1170389,40,1
C670332443,12280,47,1
C1226283307,717318,86,1
C1700499817,128806,24,1
C1868724762,1946101,41,1
C877918108,375736,37,1
C1677732082,10089,51,1
C275192106,11236,53,1
C281443356,116488,00,1
C882280168,1284837,02,1
C1943529386,11006,68,1
C1190500337,204028,57,1
C1267073441,12054,47,1
C970161576,10350,66,1
C86914267,400589,96,1
C914864188,294345,35,1
C172198129,16921,29,1
C1633360815,16092,52,1
C1894492702,11856,98,1
C1625666472,385674,22,1
C921270604,19258,16,1
C1895617509,17236,25,1
C963591154,47855,19,1
C537136238,15988,24,1
C2146698020,11105,62,1
C2012831257,13517,23,1
C2061363062,15568,94,1
C324998670,391811,34,1
C1767245853,11109,58,1
C1460592187,13337,69,1
C1198375087,23532,24,1
C1260050257,12489,85,1
C1445905688,18745,74,1
C1017472170,14440,44,1
C1100576285,362349,62,1
C1157136713,11226,69,1
C6267871,231564,18,1
C770519500,266061,33,1
C1737176902,269750,94,1
C1598009290,23553,39,1
C214869182,10115,13,1
C473170143,447478,26,1
C120561697,141427,48,1
C281110571,692484,38,1
C1280441498,874562,86,1
C112765409,101717,84,1
C222334045,11204,04,1
C394663898,256226,20,1
C1139386530,139484,10,1
C1525969940,498747,45,1
C821380386,56543,95,1
C782193817,397407,29,1
C1440320443,22346,99,1
C227339492,65593,85,1
C1005891608,134103,27,1
C2049308910,12579,53,1
C146214994,19050,04,1
C1041207,14260,56,1
C1168376659,17014,53,1
C1268380397,10573,69,1
C1401758472,10137,76,1
C1496705948,13303,29,1
C892155721,68824,38,1
C1679092632,22295,62,1
C31874125,22903,80,1
C1989092248,15883,71,1
C1431871221,11496,90,1
C720486234,77565,79,1
C143641035,1223547,78,1
C819799010,27755,35,1
C539731466,21230,26,1
C219541553,10827,23,1
C1595780596,295474,84,1
C1492835531,383568,25,1
C72795450,13071,27,1
C881407635,338961,93,1
C1935350482,453605,59,1
C131789159,12351,68,1
C2062741027,221158,99,1
C156850393,328026,09,1
C595285180,233539,88,1
C485301524,69954,85,1
C565433174,47317,52,1
C1340662552,77911,42,1
C551319099,15933,16,1
C2109638031,151940,71,1
C93418194,10937,55,1
C1331925151,420976,70,1
C861438042,226837,37,1
C892424348,160710,01,1
C328246330,331229,81,1
C654958709,817307,46,1
C1813121792,10757,28,1
C818837731,201063,22,1
C1687111891,259134,71,1
C1811106066,11085,06,1
C1153778787,226287,19,1
C539481455,134024,22,1
C2362977,232400,67,1
C505250106,1685701,48,1
C1486944091,12731,99,1
C1024254289,302560,42,1
C1880990481,217084,88,1
C1749988512,11493,55,1
C524225829,11375,84,1
C391595516,161885,95,1
C639313883,90208,77,1
C1747223278,54504,93,1
C76017194,14863,78,1
C644015103,174535,28,1
C448432504,129635,19,1
C1754303463,208855,95,1
C234223191,132516,81,1
C1338926429,13305,52,1
C1717737290,16181,01,1
C1592225010,164890,89,1
C1231119120,139237,68,1
C471110969,328596,61,1
C1777328089,44265,45,1
C667197268,140215,27,1
C1526838264,249361,32,1
C1111947524,474349,67,1
C384500180,290908,18,1
C80682690,183655,61,1
C1732238376,191484,93,1
C2137351070,128353,55,1
C1316719030,50090,81,1
C167599568,303393,13,1
C97755704,227897,04,1
C1091437627,114355,57,1
C2024275149,125535,62,1
C2031003023,37027,98,1
C1214357269,32123,83,1
C2078826261,123472,00,1
C1167627805,65619,81,1
C1022473723,156103,30,1
C35005848,150082,76,1
C598978484,132361,54,1
C1270236380,62068,94,1
C169249256,296590,49,1
C1615923089,109261,69,1
C1982672460,578580,68,1
C216998824,114482,31,1
C466396438,75157,07,1
C2089976729,133988,46,1
C685399117,60467,94,1
C1329271270,113261,20,1
C142473357,200773,62,1
C812420617,84096,66,1
C791302244,12887,33,1
C1878553091,15915,10,1
C423072486,14851,49,1
C1342613143,518041,64,1
C169237521,19591,87,1
C154723658,10777,16,1
C1815672030,138456,64,1
C1401980462,10283,64,1
C1711329405,248605,85,1
C1539591544,391868,60,1
C100984998,611874,69,1
C1477200907,152351,18,1
C47110095,997659,79,1
C425232550,792727,79,1
C1021071701,913805,64,1
C1560339214,428331,88,1
C893765907,423316,32,1
C1268635527,1168723,46,1
C853175535,1322921,30,1
C1772106148,498910,36,1
C1468374572,334334,42,1
C1053225969,11887,32,1
C1115434134,1632164,90,1
C1100926586,323892,84,1
C439751089,553290,00,1
C147663797,12717,38,1
C2050964420,1757588,00,1
C781103026,1675530,06,1
C1262168655,2576294,80,1
C1010419513,1306489,06,1
C978798,193646,29,1
C1532850076,10752,66,1
C115804257,12917,05,1
C2020751256,16913,76,1
C2076427679,16807,66,1
C1937855448,10110,26,1
C226972126,287284,26,1
C116850709,10131,78,1
C1040580772,12443,21,1
C132416701,14734,61,1
C648021229,41749,41,1
C479641374,85459,53,1
C2021891118,77606,35,1
C297225931,239692,36,1
C1934061101,12880,69,1
C1812723956,740455,48,1
C519562439,14060,49,1
C832481686,547982,86,1
C343446206,914938,38,1
C442627636,585116,33,1
C684948803,178514,46,1
C352382451,14439,40,1
C1930792245,21131,52,1
C193362025,13204,30,1
C766814282,16034,17,1
C686815807,35532,03,1
C1976965986,15974,63,1
C876994034,14021,39,1
C1788841007,12650,89,1
C422278820,328175,59,1
C656650448,15036,18,1
C1047698758,105124,60,1
C1116642274,668885,18,1
C1404582039,15116,37,1
C856000892,11611,66,1
C1066026148,209202,05,1
C1127441120,47779,84,1
C202984526,61922,54,1
C525199726,10476,70,1
C515585759,38323,66,1
C334563687,15969,13,1
C243130253,363063,88,1
C1478917025,10594,26,1
C993587250,10903,02,1
C580136703,12835,96,1
C563069965,259743,76,1
C1334198737,34866,59,1
C1974397962,10200,43,1
C840444920,141289,74,1
C902907387,15258,14,1
C557424211,217460,33,1
C165951629,118404,75,1
C1037000742,141917,76,1
C1289602009,17126,04,1
C1362405334,13239,13,1
C1231075353,15973,19,1
C1340283293,599342,88,1
C585257927,23492,26,1
C1222416720,129859,44,1
C1253785665,15006,45,1
C264092188,23513,69,1
C1501084178,10808,40,1
C1940424465,158333,50,1
C402104751,157442,78,1
C1560534902,268049,77,1
C1424214946,1242030,96,1
C770854681,197648,26,1
C134967549,19551,26,1
C1648090182,59416,73,1
C391915263,54395,20,1
C645564279,121362,51,1
C295064445,411399,71,1
C975724693,10558,24,1
C1573405835,27888,72,1
C428035767,17036,48,1
C1782724863,24034,28,1
C1543420346,13517,94,1
C2119663341,14441,29,1
C1312556583,35279,33,1
C1562381774,20328,60,1
C1613856232,10620,41,1
C1988584481,24324,01,1
C510868405,591464,21,1
C962339310,469688,29,1
C1550093880,10229,88,1
C443006437,632361,53,1
C1216070398,104539,76,1
C752686443,451568,12,1
C27796563,400444,34,1
C411382490,10156,00,1
C1227700386,10533,04,1
C2110370842,17978,68,1
C996328734,16319,94,1
C1590977463,10469,87,1
C1948950538,10382,73,1
C669668653,14766,83,1
C1348009723,25404,53,1
C234048257,123372,55,1
C720060219,105091,11,1
C347035587,12241,43,1
C1075676110,12317,87,1
C1416013849,10536,99,1
C712723382,10330,01,1
C2037601809,18861,09,1
C1929848645,11771,65,1
C1743437314,27690,45,1
C1807780471,31108,12,1
C1051589563,359216,69,1
C966416978,138373,64,1
C1733110667,278506,83,1
C2132487943,70587,22,1
C997361164,79602,79,1
C540005572,173774,13,1
C552015146,42079,24,1
C1370665958,58470,79,1
C478214365,231151,17,1
C1063777791,65655,35,1
C1776486626,180681,32,1
C2001164060,444533,15,1
C95735296,254340,65,1
C1728457363,52950,04,1
C841323501,116112,90,1
C1380194466,207013,89,1
C1968369755,117635,70,1
C998101363,429539,78,1
C1753868052,10958,77,1
C551405440,234076,51,1
C2115824028,10784,52,1
C1817615535,121722,45,1
C1686386255,38342,40,1
C362417934,86833,04,1
C1735520170,77235,45,1
C2028160153,131062,59,1
C1950052389,103305,97,1
C1318310462,304316,59,1
C1894826834,159485,63,1
C1407003104,15650,79,1
C1552840327,11571,03,1
C950954487,329937,90,1
C737196947,192841,14,1
C384030416,207998,16,1
C1017502292,462312,19,1
C187903706,41664,88,1
C665696527,17352,02,1
C2006757696,12375,97,1
C1246132954,12616,40,1
C1633844381,17951,43,1
C715093362,171810,63,1
C37162128,414678,51,1
C591211382,367180,86,1
C513413353,125312,00,1
C1477312973,291944,52,1
C1605357721,261651,77,1
C2005488238,120817,37,1
C1272033405,85736,76,1
C662967389,206659,26,1
C902427943,13870,79,1
C1904487960,16906,09,1
C745358381,128549,20,1
C520474764,27609,08,1
C1318920254,181882,49,1
C620462871,14852,76,1
C1443641176,10364,69,1
C1012707347,12091,12,1
C355063092,12294,76,1
C1502606003,24971,08,1
C877457423,23691,12,1
C1520808879,160642,36,1
C216577438,265115,26,1
C1060786847,560156,47,1
C1043990443,271308,11,1
C645794976,252322,27,1
C1210205057,12691,35,1
C1961704420,30918,53,1
C1664401624,542435,88,1
C1528622589,17864,89,1
C1053106531,837439,12,1
C546014245,437415,90,1
C1682431013,12672,81,1
C484728344,11877,65,1
C119445056,112681,95,1
C1982708114,905112,26,1
C1237669315,761871,16,1
C679046414,67787,89,1
C1269555311,75359,52,1
C583852441,11933,67,1
C271099719,18747,29,1
C165128275,360373,89,1
C249200083,77253,21,1
C865697287,13266,85,1
C745932773,245997,24,1
C1724067349,312895,63,1
C508067159,18714,61,1
C1809367960,27668,81,1
C1421965867,13704,00,1
C1735554279,13704,00,1
C1221676704,17826,95,1
C1510527745,31211,80,1
C99722180,262301,96,1
C607370452,15033,16,1
C839404033,37887,08,1
C1204785709,44660,63,1
C387505776,16362,86,1
C1070050294,31546,47,1
C148802311,19869,17,1
C2126991912,41727,65,1
C1633989538,141189,81,1
C1350561011,23861,38,1
C1185648203,33857,10,1
C1704853566,10420,26,1
C1680104617,16231,43,1
C1938005794,14608,67,1
C1674661311,16970,45,1
C627451005,12450,02,1
C257641638,11132,52,1
C1586128778,109865,40,1
C1500321780,491920,00,1
C1533987146,28084,57,1
C1394960202,17373,62,1
C577076657,16771,05,1
C727867010,43145,46,1
C1628242023,73844,55,1
C1297259456,15314,84,1
C2140898588,18096,37,1
C560321707,36863,19,1
C1258139742,57737,75,1
C554817465,15806,57,1
C1841686615,12028,83,1
C1673947520,18591,22,1
C158801009,85354,69,1
C558400671,85354,69,1
C186595045,205908,12,1
C998901309,13048,61,1
C1647799261,343046,11,1
C830477086,111691,03,1
C890084643,13203,01,1
C2105764938,93296,50,1
C1243762708,211207,36,1
C199329503,20669,80,1
C1052247420,330262,78,1
C956331813,102145,81,1
C1910204163,39268,73,1
C942771559,18799,27,1
C673189187,25580,96,1
C1284098442,10224,00,1
C365589282,10224,00,1
C119282849,43728,01,1
C1637577782,13407,42,1
C1933826115,20452,81,1
C90292273,129717,52,1
C3737976,97771,23,1
C815617196,273119,31,1
C1890638994,376400,31,1
C2139051082,102210,04,1
C1885867912,292220,17,1
C2146952019,193896,28,1
C1971275760,264351,00,1
C233852178,181231,33,1
C2098086870,274475,45,1
C314771492,559782,41,1
C1863515296,284467,43,1
C1584779130,47097,56,1
C1372802818,10626,74,1
C88328327,36825,83,1
C5112121,340936,73,1
C1512109971,25885,94,1
C1612610711,17658,97,1
C1380499546,38874,87,1
C853075341,12586,69,1
C1754452995,250371,89,1
C760159709,17456,35,1
C1056439044,18079,63,1
C850958638,212665,96,1
C979634668,15719,20,1
C439679202,11675,92,1
C925150096,15093,73,1
C1787846776,10134,78,1
C189565366,11240,64,1
C1163979541,14390,28,1
C2083643423,20982,22,1
C371556236,34027,34,1
C300690223,15638,89,1
C68439370,32542,48,1
C815903405,14904,51,1
C582787150,15129,45,1
C1410894140,11483,48,1
C886205032,16427,31,1
C767760847,20677,95,1
C581100929,20703,33,1
C1987377620,16703,28,1
C1557571623,18960,49,1
C2119994496,17689,59,1
C2108273452,125527,29,1
C33570527,18657,24,1
C955505599,142705,55,1
C1331556370,128505,21,1
C61710314,10088,16,1
C779034440,17949,84,1
C1948679886,17078,55,1
C1656825247,11473,98,1
C1555243328,12968,10,1
C878231139,15171,48,1
C1725904428,10960,92,1
C865660178,440165,52,1
C96594432,33025,94,1
C1137678248,251644,29,1
C1546706639,13794,64,1
C1525668766,196775,47,1
C728756246,21128,42,1
C287735431,27008,46,1
C1191732945,10565,00,1
C777407608,10565,00,1
C39864640,139283,22,1
C581031803,83184,28,1
C1071901619,334889,22,1
C1886891676,71868,61,1
C1755226641,14164,55,1
C1461257215,264367,48,1
C1254161863,394310,01,1
C472146846,15768,41,1
C1615264672,45279,83,1
C1281853983,20491,58,1
C1640299572,23258,69,1
C471180970,15593,41,1
C156684093,19858,46,1
C1207695710,21625,13,1
C1240016676,18655,15,1
C1050165504,11515,03,1
C1775420512,38677,12,1
C559126422,12613,83,1
C854276325,15751,31,1
C544100739,11004,31,1
C1553991340,35485,18,1
C522711892,13590,74,1
C919510703,11251,54,1
C388551431,15642,10,1
C1922896936,12689,50,1
C467903124,24544,47,1
C589058590,17145,26,1
C1562669118,16917,51,1
C2021148063,20547,38,1
C231989731,22655,09,1
C1681552378,104087,72,1
C1095583342,18219,90,1
C641691286,12303,52,1
C187723824,13522,25,1
C1026553658,24579,11,1
C1593914910,14143,87,1
C1910857288,17737,81,1
C151781803,19227,10,1
C1372771126,119341,71,1
C1300216352,24469,38,1
C149861573,27535,02,1
C542135392,356511,88,1
C1494188138,15242,55,1
C2023707986,26843,78,1
C1892771928,385123,59,1
C1177148901,24690,36,1
C721863560,18995,99,1
C1182015948,160869,97,1
C307663451,16169,90,1
C886096689,12795,92,1
C28175501,18888,95,1
C1514556391,22946,31,1
C64605090,404491,79,1
C1500512598,13194,66,1
C1378841761,50570,65,1
C1413952420,242407,62,1
C551104286,16666,64,1
C1568740070,56538,75,1
C379671137,12295,28,1
C1731877543,17332,62,1
C1046401236,15580,12,1
C1944468301,13916,14,1
C285519210,17987,71,1
C1057161751,10475,55,1
C992521115,13407,06,1
C1016602486,25699,58,1
C57525945,12107,21,1
C1576513034,56058,18,1
C827549167,15147,34,1
C163190398,22923,28,1
C1722591828,55954,74,1
C400976621,21650,08,1
C1045836435,13594,65,1
C1498401570,21510,43,1
C1433464429,27383,84,1
C1823047135,22968,75,1
C902026984,170504,65,1
C831656273,37699,34,1
C478139104,15993,27,1
C2089917982,21358,13,1
C774320733,30704,70,1
C626071701,13560,97,1
C271594494,416126,78,1
C1734881808,20275,14,1
C437475,14567,67,1
C1393284987,20551,28,1
C1672064808,15491,85,1
C1151395471,14431,75,1
C472201306,13364,51,1
C1237065580,18213,06,1
C1823212340,15827,12,1
C1823955413,28710,56,1
C2136614370,15972,45,1
C1892531480,16344,30,1
C237410024,20756,62,1
C1960031025,23248,88,1
C1122636984,38778,04,1
C1803161368,17978,87,1
C1495860636,18255,04,1
C6932197,19128,32,1
C590078605,102448,98,1
C1710905079,46873,46,1
C136108302,237752,47,1
C2053841228,242640,84,1
C424848797,10986,65,1
C1490353715,235783,84,1
C496512958,21536,22,1
C1913740360,301294,72,1
C247576438,24258,10,1
C1020021920,32379,76,1
C1409875105,33114,03,1
C606882452,30051,02,1
C1125721069,11587,52,1
C1484518113,17246,00,1
C1034673425,17246,00,1
C387258687,14107,20,1
C436661284,17320,91,1
C788790720,17320,91,1
C1990156323,14703,98,1
C240653058,24963,89,1
C1531670331,15983,15,1
C1980588880,22547,20,1
C343688483,25448,45,1
C349629923,13836,66,1
C571518740,17871,32,1
C2081126702,273120,84,1
C2078248082,199873,41,1
C1608524967,20385,69,1
C913818888,18541,02,1
C1427763069,11011,74,1
C1082862306,18278,65,1
C1219499527,36774,88,1
C465676958,22802,84,1
C1095991632,25594,04,1
C1056781058,16175,39,1
C222556677,20601,02,1
C618864390,17575,98,1
C860326447,308882,21,1
C1399147309,10854,35,1
C921975025,207796,54,1
C516753877,203376,02,1
C1019560076,200095,94,1
C96213251,15674,27,1
C1452266462,206666,36,1
C1481591973,21696,81,1
C1909002529,85074,07,1
C2103820460,86821,76,1
C1981749800,142435,75,1
C1175319617,65938,21,1
C412255839,122380,82,1
C1547714604,216422,00,1
C666642000,216422,00,1
C1349733610,261488,06,1
C1312126866,84326,18,1
C1532347350,13268,13,1
C1132206727,308384,40,1
C1436306950,10310,77,1
C2013611768,15889,95,1
C987620586,21404,44,1
C1085738801,570941,46,1
C302846894,274406,81,1
C1716645796,10353,67,1
C1922344580,16200,08,1
C1712647370,12742,65,1
C2045314417,13498,44,1
C50592708,19642,29,1
C1623510827,12989,69,1
C1046044067,12135,69,1
C1588148030,179341,27,1
C1977511945,26164,54,1
C1597415366,10953,04,1
C1252333507,351690,17,1
C1486334689,21100,42,1
C470188208,12371,83,1
C191307226,533164,85,1
C1246215324,13709,48,1
C1619996938,116951,71,1
C1479645341,100729,18,1
C1581687077,184679,97,1
C718150867,54933,79,1
C82287653,178505,60,1
C1680628659,267379,89,1
C203361403,62959,29,1
C1845002237,180572,73,1
C1161149894,340369,30,1
C1174724689,419260,55,1
C1933032750,206187,66,1
C617107045,381343,16,1
C2081421216,361748,99,1
C1881716172,165777,06,1
C1981036429,56195,07,1
C1514901029,200910,66,1
C1721073890,15085,17,1
C605141301,11654,37,1
C741236338,30632,31,1
C224885737,16721,01,1
C1244989872,12897,36,1
C207766759,34594,65,1
C1328225951,42621,98,1
C553276023,19150,12,1
C1407280813,30168,17,1
C2013063878,12327,31,1
C841660110,27652,32,1
C1733184642,31153,57,1
C1969357009,10695,07,1
C1836824012,125968,11,1
C434699861,160356,26,1
C332750956,22850,11,1
C1564444257,12274,76,1
C1361671464,330922,70,1
C715099463,401863,05,1
C1289850092,205857,25,1
C474094351,903968,72,1
C826884252,999702,92,1
C199076007,942403,40,1
C684660636,412254,84,1
C1782113233,1805520,31,1
C768802695,622552,15,1
C1697174329,212357,06,1
C2111302742,548556,51,1
C411825368,595893,92,1
C1583532569,831878,75,1
C1650415378,2062692,94,1
C132930221,1566574,37,1
C456897159,714579,59,1
C491712,556849,49,1
C298750745,227653,62,1
C1401488850,26393,70,1
C921500150,13778,41,1
C843221108,10663,61,1
C1228499113,199682,99,1
C420215012,72875,23,1
C1904923558,63967,63,1
C1393007334,105165,25,1
C355777990,189072,94,1
C2037903430,26719,22,1
C432142068,15037,88,1
C1739822603,30405,26,1
C1748373433,10810,96,1
C1875021403,10520,87,1
C1292599253,13817,60,1
C561711442,445270,15,1
C1216926186,121885,87,1
C1369116416,178391,81,1
C271696288,259080,76,1
C1204145138,306866,06,1
C1253733911,337588,80,1
C1544793857,109571,37,1
C141293835,117182,34,1
C642086628,118961,45,1
C924067193,21126,93,1
C1633286972,27425,99,1
C1877984746,349474,53,1
C1522581380,26222,49,1
C2071874336,10147,22,1
C48339760,14162,57,1
C897585997,138895,43,1
C1442749487,77347,46,1
C1993471722,280736,20,1
C1162128198,39267,55,1
C1569706103,60311,86,1
C283690914,191375,55,1
C1790048347,245086,32,1
C1292548899,155270,31,1
C1628801015,21476,23,1
C757788974,400794,34,1
C1768471397,183083,93,1
C1341157484,114634,43,1
C590710592,34795,88,1
C275251946,19346,62,1
C1834289317,26772,70,1
C1743583213,17849,56,1
C2003729915,16073,13,1
C1806545036,80710,33,1
C532299734,15238,97,1
C1949877205,359241,43,1
C1728502333,233776,61,1
C1364051444,19521,96,1
C1365013293,236200,44,1
C1602363550,206890,25,1
C219743801,251617,52,1
C556094301,430990,31,1
C945213643,517419,65,1
C121286266,132163,70,1
C1255983489,529296,76,1
C1922920162,147459,35,1
C1551660539,222863,57,1
C1254157669,246039,31,1
C1325322464,275905,67,1
C41260873,43410,17,1
C943051773,274324,05,1
C1837377655,19030,46,1
C1883380232,13999,10,1
C891052865,11510,71,1
C663531845,24978,31,1
C655326029,24213,27,1
C208108926,25828,32,1
C976994522,17202,80,1
C1961537655,10288,63,1
C503486980,10335,09,1
C1263607393,44542,15,1
C76933283,12077,53,1
C1022823162,33410,82,1
C8149696,12692,77,1
C137453130,98830,07,1
C1958403865,228693,31,1
C1363574841,10541,14,1
C689749616,37393,74,1
C1471404137,32064,62,1
C1216889437,10460,53,1
C1577409761,16998,22,1
C1684572536,11218,96,1
C1892560818,169614,88,1
C208438522,30538,26,1
C1013104188,376292,35,1
C1639778373,45447,10,1
C1457162311,12249,78,1
C1356985340,19471,74,1
C1577428742,22571,41,1
C307230285,24105,64,1
C906637574,11136,27,1
C1151617540,25708,21,1
C1843768662,20192,75,1
C1018466593,694967,26,1
C1429830933,259992,93,1
C1375428582,106174,75,1
C1266568468,13898,22,1
C715657721,16461,41,1
C2017890623,128294,60,1
C30784348,21437,62,1
C1918393987,11329,53,1
C344967811,21795,98,1
C307441207,587264,44,1
C91904771,12738,66,1
C290991542,30807,35,1
C891193010,22206,33,1
C1731894708,13604,00,1
C1307655632,13472,81,1
C1389729031,20910,03,1
C1441087837,15734,00,1
C1163107288,13527,67,1
C1669860329,25627,15,1
C905905964,10665,10,1
C971690423,17482,76,1
C480975330,18256,20,1
C1927585642,21693,79,1
C1866632814,1657667,44,1
C618095995,65843,72,1
C843444187,20530,57,1
C183707999,20036,57,1
C125455276,12889,32,1
C153416689,28925,25,1
C754910159,37547,10,1
C1424575977,129835,80,1
C2019388056,27497,16,1
C316929198,13051,13,1
C1587454848,11393,18,1
C1464949060,16123,97,1
C1621729085,53627,09,1
C53857746,13297,00,1
C1263973655,18897,18,1
C1283050069,21864,82,1
C1127171622,12869,36,1
C717874492,66999,61,1
C1253600042,23855,70,1
C503319063,15185,01,1
C499774893,32925,72,1
C700253546,29478,30,1
C570434649,109985,65,1
C1731036016,391057,91,1
C1240796303,12809,53,1
C1632677830,122377,68,1
C1995273587,16103,22,1
C1188469924,611049,17,1
C1190892929,209374,09,1
C1712597146,19304,22,1
C1728845596,16549,58,1
C1039352074,122817,49,1
C2093965588,280481,60,1
C1644631132,17104,60,1
C2022055326,370171,43,1
C6193365,16592,88,1
C1321368652,21208,42,1
C1407721609,17277,16,1
C1878583108,32420,54,1
C1290804289,11730,13,1
C2001493596,66165,76,1
C92686444,19852,81,1
C488399791,10158,08,1
C1246783221,20950,16,1
C1522292820,27613,05,1
C2000449863,260604,69,1
C1013953793,26539,83,1
C17041642,11097,96,1
C1566238378,27241,79,1
C1779202806,31984,61,1
C1207739340,15088,92,1
C1000719581,1280020,98,1
C384119884,1390432,94,1
C295145298,44874,82,1
C614090237,14996,91,1
C401366570,13679,73,1
C389872385,15964,70,1
C1619759213,252567,83,1
C16705482,148274,34,1
C185876853,50738,94,1
C83340805,10421,18,1
C697796273,27249,21,1
C1351568309,22344,15,1
C752202140,22688,20,1
C1940816602,11758,27,1
C2032613967,17555,40,1
C1016138445,16600,63,1
C310426339,13688,99,1
C533353383,16791,74,1
C460107127,182524,92,1
C1399215965,248826,61,1
C1859997666,10070,84,1
C661868623,86520,54,1
C1733902203,547597,44,1
C384766304,49996,07,1
C1705294294,18979,27,1
C148232830,248408,34,1
C67795316,54095,79,1
C274492574,482542,82,1
C1038753484,643767,43,1
C1869571492,68264,98,1
C1445947009,185379,97,1
C1980895595,14956,56,1
C1996087296,244750,95,1
C1828522217,24755,75,1
C236590348,14845,90,1
C2063161693,15353,55,1
C1127932080,18661,60,1
C989044347,15770,62,1
C621257072,13276,84,1
C1186076210,165969,93,1
C1754081885,142268,91,1
C251788397,26255,27,1
C31676014,25484,25,1
C1760992419,18923,09,1
C603456365,98177,84,1
C872877010,13080,98,1
C2001194011,17896,02,1
C653557958,35758,01,1
C1453365852,43920,58,1
C1946464242,31337,01,1
C147734311,19027,76,1
C291436147,295176,67,1
C47280839,248203,85,1
C1247492326,126085,63,1
C852612805,833142,33,1
C494893410,205253,30,1
C952457866,204302,85,1
C1952551539,98781,87,1
C1797821749,258126,09,1
C771843019,934479,64,1
C458946139,1168674,62,1
C846570623,488338,66,1
C1775601457,820399,29,1
C1190031379,626070,45,1
C286720552,358736,50,1
C1234328865,1595612,93,1
C1296845588,1490781,74,1
C815593047,1781452,87,1
C2080672560,168867,61,1
C78646617,805550,98,1
C77538886,113782,90,1
C1503837905,412579,72,1
C1586222232,27595,56,1
C902556500,35236,35,1
C423207828,12743,43,1
C1472044075,16056,03,1
C1813769162,30521,02,1
C903383636,30521,02,1
C1965331677,11506,17,1
C1836984213,13742,28,1
C93011633,218698,72,1
C1398327546,18046,34,1
C491800785,32339,19,1
C1644524251,368444,96,1
C2095885081,10827,05,1
C441236678,157635,81,1
C170132562,22976,16,1
C1861495165,11621,62,1
C1653925030,11829,72,1
C121010315,13992,76,1
C248447628,18554,73,1
C357532288,10529,72,1
C1890212065,49350,98,1
C1538086235,37311,65,1
C1558029640,16418,78,1
C1459113115,11420,91,1
C798259,25224,88,1
C2013611916,15584,63,1
C1273258213,41853,65,1
C914674368,102506,97,1
C60924092,11342,04,1
C686366573,12293,90,1
C29271984,18007,93,1
C834031849,16812,61,1
C424504,21335,25,1
C142147250,17993,08,1
C1696394747,10734,12,1
C986875962,12937,75,1
C1358584120,14643,37,1
C1341781781,26345,29,1
C1931730151,32001,60,1
C1406696237,28409,89,1
C1363127070,89698,27,1
C969253125,10563,42,1
C1004826012,18432,04,1
C440159038,16926,08,1
C73334840,12773,50,1
C1160692359,14335,52,1
C2078681430,13309,49,1
C1913714009,12249,43,1
C642942956,28115,43,1
C1091523506,184931,14,1
C1009638012,13614,06,1
C13610224,46856,97,1
C1915435938,21985,63,1
C908011188,10302,69,1
C252451553,11149,55,1
C618403084,23041,84,1
C1783965473,14639,45,1
C1663786105,225055,89,1
C800040885,33416,51,1
C56807270,296908,68,1
C1293369737,14392,60,1
C600252712,171092,94,1
C557640526,30965,98,1
C1931348991,110132,46,1
C776260404,184917,64,1
C306321254,921268,93,1
C1090678364,1627438,13,1
C2010466881,442131,61,1
C1419580670,723954,54,1
C1442882168,604786,90,1
C1941482284,1488547,68,1
C509065091,2025330,83,1
C104893413,704242,78,1
C1191985705,1408829,48,1
C602529144,1095802,84,1
C651676429,495294,14,1
C329929969,1394793,88,1
C1699756582,296250,01,1
C1533343601,15960,23,1
C1570606662,11701,16,1
C371637727,12518,60,1
C716154959,13098,63,1
C575492989,14002,93,1
C1600591903,61464,30,1
C1557602018,23224,89,1
C625540097,10656,70,1
C741767653,11637,06,1
C1557594596,25203,75,1
C1735717476,14427,16,1
C414440302,24487,72,1
C1502502072,19481,86,1
C682812632,26768,50,1
C457596841,26768,50,1
C525193238,11124,47,1
C1966657510,326538,62,1
C725727419,13275,38,1
C1277753726,28410,56,1
C1315209017,28369,96,1
C182203204,32168,72,1
C1846347146,148971,75,1
C2126273510,23704,62,1
C390827278,16396,14,1
C104615190,18266,81,1
C1573805059,165344,97,1
C131316947,19496,78,1
C958267004,23869,55,1
C2000688092,32087,48,1
C349708076,12757,00,1
C2006552231,30269,19,1
C140736469,13737,03,1
C1022388737,11985,99,1
C1776512995,13193,64,1
C794942980,436099,98,1
C2144511610,28306,80,1
C88764150,21695,54,1
C748807322,17757,06,1
C1987221006,19937,81,1
C1269528782,16865,33,1
C651316602,17263,06,1
C255996780,11950,98,1
C1004271827,25975,86,1
C864622150,25975,86,1
C1094627165,14432,84,1
C1288213062,62574,57,1
C1555985081,35551,62,1
C715160960,11971,97,1
C904927065,25691,16,1
C2073830279,130145,62,1
C635379732,33019,30,1
C1038907896,21719,62,1
C2103374275,21300,10,1
C181281800,25388,91,1
C1967400458,34389,04,1
C594913654,24417,76,1
C691200351,50747,77,1
C45207973,24261,25,1
C1042772649,32189,93,1
C361948480,225464,91,1
C265202525,22020,95,1
C462349981,29426,86,1
C181784570,38755,91,1
C341829803,13101,50,1
C1898469011,12174,55,1
C671967776,21033,18,1
C894584137,10019,61,1
C175881660,17110,72,1
C967337409,13982,36,1
C14926701,32013,70,1
C890681473,29122,76,1
C1311135309,10933,93,1
C1333502127,196477,41,1
C1099081297,21137,84,1
C770164810,33275,35,1
C842988286,25089,97,1
C502296269,22187,74,1
C714734087,16403,92,1
C477662472,10787,10,1
C1341158560,185325,96,1
C2087202342,665949,93,1
C1256806576,487039,74,1
C1229342812,641213,85,1
C1972950645,66860,40,1
C674480275,536060,03,1
C1053273441,484328,78,1
C837923432,1545681,21,1
C731827461,340473,03,1
C707238050,1221819,02,1
C1140430871,564301,75,1
C1447663489,67316,99,1
C1622945931,381018,80,1
C65194223,18791,59,1
C1736826640,21287,77,1
C1131905905,11184,15,1
C225273918,19914,62,1
C475249993,18557,06,1
C1267338499,14199,19,1
C651023535,20206,61,1
C1169324755,12770,33,1
C433321645,13268,31,1
C1433070882,20667,76,1
C1915196011,10701,92,1
C1778700964,23795,00,1
C1933551964,16906,99,1
C739241900,14479,12,1
C751180603,45923,16,1
C1471230198,10438,03,1
C2085085303,17596,24,1
C1512060385,14883,76,1
C30589523,140243,54,1
C474027124,69603,22,1
C164865953,191894,78,1
C1016064173,139845,98,1
C2036431933,17172,65,1
C1670196451,267962,57,1
C556677614,627010,99,1
C711332373,51752,59,1
C758843768,12703,55,1
C209890594,20123,79,1
C421984610,18726,70,1
C67053257,25765,40,1
C1902545511,118172,98,1
C344682389,28260,77,1
C1367775958,18083,03,1
C397284309,21248,82,1
C685428529,33332,86,1
C2025652936,33332,86,1
C1574057993,20463,42,1
C982226008,11436,26,1
C102100768,34209,42,1
C1050867502,30042,12,1
C1928572105,32012,74,1
C332357514,18540,96,1
C1336420731,11192,72,1
C1664738820,24342,09,1
C1877334646,10219,40,1
C1160845977,12798,82,1
C971497536,16419,57,1
C1696963667,20112,79,1
C1542792163,18666,07,1
C689471568,27202,42,1
C1015539793,13597,47,1
C757271807,10296,83,1
C1513046042,12848,12,1
C1168981208,15455,85,1
C1999434859,229790,53,1
C1792864345,12048,52,1
C1316317287,26643,14,1
C1833239242,105095,10,1
C1301228797,297734,01,1
C576736382,101332,45,1
C527372258,141799,28,1
C71599579,521438,17,1
C1726032955,286878,98,1
C719518227,89569,75,1
C413168155,137497,97,1
C1792086750,31963,29,1
C178838760,269130,70,1
C65830581,97544,43,1
C259604245,127127,67,1
C1567135053,122729,64,1
C159116975,83160,08,1
C131168518,278809,45,1
C1276365319,183088,01,1
C892091760,182374,61,1
C2000630624,247454,42,1
C1309713184,293520,06,1
C289214325,70830,43,1
C635236790,134175,79,1
C1789552525,498990,17,1
C1108589630,218549,38,1
C1290733383,439930,78,1
C900682460,33985,61,1
C717249075,366300,87,1
C213063852,10119,47,1
C1775746074,10119,47,1
C916100517,10122,53,1
C181220448,311282,80,1
C1813742285,198384,26,1
C2050640357,233312,83,1
C1840987517,268894,02,1
C187540389,305121,53,1
C1856963340,48516,52,1
C693982422,17356,69,1
C216112262,17410,74,1
C575197504,41624,47,1
C2126842086,135550,07,1
C76032922,101921,80,1
C1151421920,14976,04,1
C322391206,26672,44,1
C200598670,15150,82,1
C369611665,12417,59,1
C979166392,11470,25,1
C515244925,47001,52,1
C1521250207,13826,77,1
C1827344889,97661,94,1
C759536602,78115,81,1
C1121811842,10256,09,1
C1515730720,29762,68,1
C1510967269,190944,55,1
C219286908,145374,18,1
C2076029472,24921,84,1
C1385208471,12986,85,1
C368223295,12479,16,1
C415768786,55207,84,1
C1617784108,11430,59,1
C238998613,18850,92,1
C1953529336,27401,26,1
C1709580464,17390,17,1
C773512559,20526,64,1
C1194870779,16780,75,1
C1263567729,19561,11,1
C1562883265,38371,41,1
C202453803,32876,85,1
C637365534,15211,91,1
C1495931010,56471,48,1
C2012011563,220070,01,1
C1549565124,72825,75,1
C877959545,30981,44,1
C14050562,134294,10,1
C243801670,268571,64,1
C685605293,180009,70,1
C1426344756,132427,30,1
C2007716372,27655,20,1
C1700143613,272045,87,1
C2103527052,138480,68,1
C204572772,173210,02,1
C327845331,10576,89,1
C2049602706,16475,34,1
C138733165,18067,41,1
C2068126708,179651,40,1
C2111381500,43479,45,1
C1919584041,10940,74,1
C1404703093,71741,21,1
C1569908962,142634,17,1
C1941390869,169448,37,1
C1307525827,40975,40,1
C294008652,26891,86,1
C1379436911,16184,43,1
C907089215,35994,44,1
C437306494,17975,90,1
C668568559,12702,69,1
C249736858,16741,22,1
C103788407,32593,48,1
C96172633,42355,90,1
C979074430,28765,49,1
C819323772,15330,96,1
C829239469,20563,52,1
C2109182431,15920,50,1
C1239710170,14368,08,1
C828064258,25625,94,1
C614054257,59691,76,1
C1771965424,103759,56,1
C859156431,1097510,65,1
C316671934,1716502,82,1
C1797578199,41139,20,1
C376017690,339163,04,1
C457660003,1915470,93,1
C263111287,166567,98,1
C1163336956,92036,54,1
C488795943,12438,52,1
C688457737,26921,32,1
C1025266421,49804,17,1
C712949255,12472,53,1
C822063782,10227,49,1
C125530569,40156,69,1
C840095827,60726,57,1
C383882703,60726,57,1
C1386640019,13702,52,1
C2039926996,38326,82,1
C1847825207,81917,31,1
C105856166,12603,14,1
C1469597388,89293,11,1
C1773813582,102359,17,1
C43402513,11691,84,1
C433767126,211418,41,1
C2075454833,22553,97,1
C1689730570,84024,67,1
C1785536499,29352,63,1
C1521891844,11089,05,1
C1623813812,14144,91,1
C223363383,25360,86,1
C2116802022,17315,71,1
C993650587,10381,46,1
C1265324882,26074,81,1
C1828787392,15192,75,1
C344410717,128823,03,1
C1641214567,84466,10,1
C906838480,247480,23,1
C495885630,164935,63,1
C545580634,139705,19,1
C559179052,25185,32,1
C1956358668,74375,02,1
C951868096,11446,18,1
C45515497,17770,70,1
C195699326,72688,93,1
C800097023,10260,12,1
C1102782217,11936,00,1
C944009919,28965,75,1
C674925270,10814,39,1
C735796751,30608,52,1
C548752638,89888,52,1
C1174000532,120074,73,1
C1409933277,120074,73,1
C533392019,195542,41,1
C947069810,85070,76,1
C1845922505,148319,88,1
C934352027,11627,71,1
C1739940094,13788,58,1
C1719990258,11221,28,1
C820781338,46741,66,1
C1257319011,221605,71,1
C26428217,166736,16,1
C1687227181,123755,39,1
C1179573791,70344,95,1
C705258430,21885,09,1
C578458429,17384,73,1
C1359849336,20470,30,1
C1699873763,86070,17,1
C1844941220,86070,17,1
C1415104286,104234,05,1
C46727015,178055,95,1
C1665837086,109648,19,1
C1252261018,125774,49,1
C732559750,55282,19,1
C603327357,40379,62,1
C1508667424,116878,60,1
C1580727170,34808,12,1
C1549439412,104334,87,1
C1114050800,248011,57,1
C1799199800,308762,31,1
C1457166003,288846,82,1
C200452658,41680,46,1
C622955085,19548,49,1
C1292769946,34325,53,1
C154487101,13061,21,1
C298156448,18519,83,1
C1329362952,12204,29,1
C720242436,13589,96,1
C211507865,28034,44,1
C1468809177,22349,62,1
C1795568752,33881,81,1
C873134840,67180,68,1
C556223230,13707,11,1
C17222024,13707,11,1
C473655651,119656,92,1
C669096398,1501775,62,1
C748673892,342332,55,1
C1162595263,862977,60,1
C1649096004,225558,27,1
C539322891,522854,73,1
C1901272535,1027611,05,1
C1078783335,1032930,05,1
C1855297340,908274,13,1
C1641418296,307749,99,1
C2027499247,507775,58,1
C817092761,1137763,15,1
C885481831,132948,43,1
C1436127733,1465846,48,1
C1916224178,277758,51,1
C1212782393,148792,10,1
C1653634548,139644,50,1
C2026325575,169941,73,1
C540962910,169941,73,1
C931003277,37239,99,1
C2017574192,70994,78,1
C930569137,12088,13,1
C1753607449,106903,28,1
C1883144272,121619,14,1
C96749807,54989,36,1
C54440148,14237,75,1
C663824117,54364,44,1
C1402400433,36991,08,1
C1352294549,67243,37,1
C1759500919,97808,48,1
C663326227,121598,71,1
C1395912847,131965,15,1
C1222908765,153161,06,1
C287095360,141702,19,1
C612686775,180145,39,1
C1328203744,143568,62,1
C1513124396,63853,60,1
C1957175487,106105,83,1
C2034385122,21291,89,1
C105019819,12847,91,1
C107285100,190518,44,1
C786722925,311864,41,1
C805957335,205675,07,1
C700791887,159316,78,1
C1616453147,345548,01,1
C1428777808,252806,47,1
C423629474,455933,21,1
C789367604,278349,51,1
C756222660,473991,14,1
C589166341,285832,76,1
C1997028929,71951,43,1
C177279387,228399,52,1
C326362094,27032,59,1
C1759694910,12270,42,1
C37142680,489240,03,1
C1207758771,181062,00,1
C969440066,46408,89,1
C742969054,334318,86,1
C592238700,404053,55,1
C1749205249,170634,80,1
C1950102816,29113,15,1
C63015234,82208,35,1
C1768926513,27484,12,1
C1179830093,25424,16,1
C154923232,123974,95,1
C1478269879,170889,82,1
C2044690596,2930418,44,1
C2047521920,2930418,44,1
C351297720,10000000,00,1
C7162498,10000000,00,1
C1916677384,92229,71,1
C621197441,11218,84,1
C1655072591,25313,62,1
C1211627902,18391,64,1
C398777435,13198,22,1
C936544568,17331,19,1
C1831423452,12492,07,1
C1752223660,12149,25,1
C1684368286,78639,40,1
C935818862,23159,45,1
C1515793520,11557,67,1
C1101970356,16004,53,1
C540315736,94450,19,1
C313249054,64279,74,1
C629790599,186125,39,1
C677007331,75146,85,1
C885465900,12414,40,1
C990722659,58046,34,1
C883035926,27480,99,1
C2057313241,25975,86,1
C2121744549,51614,78,1
C1324451332,139173,95,1
C1739390441,38059,51,1
C1386713738,124112,03,1
C1460298405,43896,22,1
C956448191,10739,56,1
C605472344,167476,47,1
C356347252,26862,79,1
C1940311161,15323,44,1
C516570791,22421,09,1
C1717967062,19818,51,1
C1407009494,19110,24,1
C2126545173,22877,00,1
C1247938090,22877,00,1
C856937591,22415,68,1
C406831866,15484,50,1
C2134639513,163870,49,1
C1615669446,136001,37,1
C1295338046,10839,80,1
C1680139795,75131,35,1
C988876043,18293,81,1
C1384626783,105759,64,1
C436126678,226424,35,1
C1777112002,75925,56,1
C591352568,22630,64,1
C1727379710,189104,46,1
C69115782,162541,79,1
C79283217,88793,94,1
C1443000737,103406,05,1
C507479765,340917,37,1
C541330540,485135,11,1
C895280806,48514,62,1
C687608114,171669,81,1
C1855589354,123283,25,1
C650608468,119579,08,1
C257684104,57342,59,1
C1278790934,34885,44,1
C569894199,14294,08,1
C1548535364,31891,69,1
C293618119,13021,44,1
C1797763792,21595,02,1
C127401209,10728,82,1
C957683143,101181,53,1
C1297189990,14043,68,1
C833272193,37480,38,1
C1178160997,16208,50,1
C802395190,24674,79,1
C233142783,10105,94,1
C1479446866,12695,49,1
C1755295609,34465,37,1
C196340990,16115,55,1
C456653804,16048,80,1
C95545487,24661,43,1
C689588113,70376,34,1
C891327883,18847,45,1
C2133325211,10951,21,1
C1088381072,19877,65,1
C519751097,29363,10,1
C38851648,90922,45,1
C2059316201,16573,43,1
C398468940,87674,26,1
C622625093,112752,15,1
C1150063356,1453126,81,1
C628694336,192421,03,1
C1494051958,50662,63,1
C1520921298,445570,00,1
C652803980,630132,72,1
C115297013,708855,97,1
C2131723476,16972,84,1
C964895360,1610264,08,1
C954742840,521678,46,1
C1105129521,141633,80,1
C1585824283,1197188,79,1
C584349634,525371,52,1
C1861416877,2837270,65,1
C2045560071,18873,10,1
C923366543,280567,17,1
C1246807878,979818,78,1
C1928117427,707899,22,1
C260580453,572492,51,1
C1511319053,206925,43,1
C417118375,76083,80,1
C962548461,28899,92,1
C1819552644,18409,27,1
C187737357,30588,31,1
C771715205,12694,90,1
C521311335,23347,80,1
C1153180745,14225,59,1
C1442883034,12895,72,1
C994084545,13343,04,1
C1248079435,14140,28,1
C1812422301,25486,13,1
C2139788372,69013,09,1
C142871704,12798,31,1
C1258539949,14147,04,1
C347239869,20409,77,1
C254041053,19681,95,1
C890525812,20670,84,1
C1984954272,10539,37,1
C1134864869,10539,37,1
C697707311,26084,81,1
C1123830468,16831,23,1
C126147004,13191,45,1
C1751080205,14146,46,1
C547305607,93427,95,1
C2098992714,72010,87,1
C1828884696,12240,34,1
C1093426827,26045,36,1
C1129442657,16881,67,1
C1979586073,23440,57,1
C700249373,14251,38,1
C530131514,40550,78,1
C1465691120,33149,43,1
C944757319,16697,62,1
C1569164069,13653,91,1
C416355623,23087,59,1
C729005419,36228,33,1
C1594600318,22256,72,1
C670959005,14267,79,1
C1526060911,11688,59,1
C1877317084,48267,20,1
C1742798650,11304,29,1
C1388958672,72791,13,1
C1166292560,120223,34,1
C238748521,23369,78,1
C1312762120,14796,83,1
C1690221909,44921,54,1
C1161332079,11405,44,1
C1623924438,14694,94,1
C1868366224,13620,05,1
C26741311,69119,41,1
C1042366725,15398,06,1
C370361462,10355,12,1
C250144767,14771,16,1
C417160915,14017,83,1
C1008934993,29954,16,1
C1069436988,77196,59,1
C371990011,20473,47,1
C1613729684,14979,83,1
C1857063398,13030,42,1
C202395890,16878,50,1
C646337666,12587,22,1
C1699826397,10172,81,1
C441683672,12208,56,1
C1617566660,12638,35,1
C1266759621,15304,68,1
C1459669467,23840,24,1
C582979874,63180,20,1
C906397479,278349,71,1
C1681318273,10326,31,1
C242224826,91705,07,1
C1487424018,93705,81,1
C33389111,32907,19,1
C1519396442,14685,31,1
C1656059001,14144,71,1
C26229597,19715,54,1
C1035219650,14586,28,1
C2090953436,90433,73,1
C4888672,31678,91,1
C201484047,18118,20,1
C784961589,11128,08,1
C1610853733,136416,82,1
C145664926,20024,59,1
C379963364,11706,28,1
C1879219501,11165,58,1
C507507251,18799,10,1
C1791280119,10696,23,1
C1633770314,20781,99,1
C1276761134,19420,39,1
C1252204540,20995,68,1
C1670627211,21414,91,1
C56840345,16061,03,1
C1679352734,11500,28,1
C977772506,18934,49,1
C1835477972,22178,82,1
C1724495151,12769,01,1
C475526834,10565,64,1
C1759368213,27475,78,1
C2062828451,10438,26,1
C1526730726,10485,37,1
C704832331,30161,79,1
C339881373,17694,76,1
C1887326180,25026,76,1
C1043822951,11621,56,1
C1172754912,17788,49,1
C1374664497,16795,70,1
C1953251612,14546,82,1
C1391067753,76289,10,1
C117839394,14878,76,1
C1907028305,443092,83,1
C549982920,99349,84,1
C1320122626,68934,46,1
C2115368148,66548,43,1
C1482087396,13881,42,1
C257260599,14503,90,1
C1515282013,12827,97,1
C579983776,19637,34,1
C1280378749,10580,12,1
C1307024253,18491,91,1
C1565601243,10531,72,1
C854719230,21568,37,1
C577948592,25389,14,1
C1871617286,22475,23,1
C340792090,149995,94,1
C2034546868,12885,43,1
C1714961449,13326,35,1
C1063494931,13012,92,1
C847141861,24826,85,1
C431939256,11866,89,1
C647218712,27659,67,1
C1415812333,20971,00,1
C1283634655,33459,40,1
C2055422401,25704,52,1
C1182469998,17925,91,1
C479442206,22251,46,1
C1108730163,14037,48,1
C1756837032,15025,01,1
C104136534,12956,39,1
C685827172,82399,46,1
C175961135,18627,02,1
C1375503918,18627,02,1
C1212238315,165664,94,1
C1406324738,12230,25,1
C473163048,30709,74,1
C884868698,10554,67,1
C621502043,12368,90,1
C796969849,13330,81,1
C778234583,74226,40,1
C2083951216,10375,50,1
C800990938,107159,07,1
C1898629094,158934,62,1
C23218037,10039,29,1
C1758060579,744654,21,1
C283492252,1339661,93,1
C623330465,243853,63,1
C2009317431,180173,39,1
C371054890,548202,26,1
C703824017,317831,06,1
C2010426450,414959,03,1
C35419258,896122,80,1
C1371397528,232336,31,1
C1218632562,285251,82,1
C1502971166,378843,29,1
C83554564,844849,66,1
C1418310135,521278,47,1
C1241189309,1232150,93,1
C1530977859,602938,90,1
C162214155,367966,09,1
C1238013097,2474181,78,1
C22179697,1231953,95,1
C1980008362,64185,86,1
C164183318,351219,80,1
C1070523353,227236,78,1
C773535564,60949,25,1
C679143692,119451,25,1
C475157807,50333,01,1
C383392444,18864,22,1
C1709321711,113758,88,1
C1411828534,169734,47,1
C361668462,11987,41,1
C1437977899,12343,16,1
C1713520020,28369,42,1
C116155384,89518,58,1
C457714879,11667,76,1
C1096742104,10819,72,1
C1583082378,156474,87,1
C1337289706,13939,21,1
C1133288103,20603,53,1
C857245202,150142,45,1
C1599728268,16165,80,1
C1406763631,20144,74,1
C1806640599,11163,43,1
C909914828,11762,79,1
C1280977839,15730,19,1
C1082640380,46256,91,1
C2027549979,11265,41,1
C722764585,23938,64,1
C2050124277,205054,97,1
C1474529475,10967,31,1
C500985266,29414,89,1
C840008200,14198,34,1
C153048669,67234,96,1
C825605925,10592,75,1
C2028767654,14213,84,1
C1474155611,10024,14,1
C1164692340,13839,11,1
C160549854,21987,06,1
C280397810,19332,44,1
C1756587746,18782,20,1
C483669346,14514,14,1
C891328061,20603,40,1
C1537227906,10965,89,1
C1706027885,18714,87,1
C974631651,12542,66,1
C1189187821,11391,64,1
C497333241,19288,90,1
C900824070,303473,14,1
C2141094945,23147,49,1
C2083004088,10967,47,1
C266894813,14079,08,1
C631766751,32969,34,1
C143239336,15470,90,1
C886510498,11493,01,1
C1909367224,170099,02,1
C2077150966,256227,34,1
C904872862,12894,97,1
C624545052,10597,26,1
C1628252344,12029,55,1
C495289088,30858,63,1
C1037793103,27037,66,1
C251666609,135348,62,1
C994584048,152649,37,1
C1216863787,129735,30,1
C1306429814,603258,56,1
C728370857,507138,30,1
C873002645,376507,72,1
C2026873444,884591,40,1
C1825656946,984994,76,1
C409007038,257641,56,1
C1007550632,490747,67,1
C962969081,418492,90,1
C380394805,1487557,25,1
C2138793529,721458,64,1
C1561005241,939018,70,1
C470187021,170610,11,1
C53301881,1869161,56,1
C1406018450,1773020,91,1
C1651795723,191616,27,1
C1025786379,189352,83,1
C2020935882,217743,76,1
C773059332,162724,99,1
C1621615881,49367,62,1
C216919586,235882,32,1
C81705968,129484,36,1
C263233676,12475,89,1
C376660032,44145,70,1
C57488372,10511,06,1
C271002555,150366,56,1
C261925632,211131,43,1
C1259065345,692460,02,1
C457245448,49267,14,1
C1708084589,142442,16,1
C161069393,22948,44,1
C134943275,259448,64,1
C1246023616,299336,05,1
C1759328722,188890,52,1
C1336210565,234198,21,1
C486994287,332574,96,1
C1794705481,107963,88,1
C2110472873,104222,89,1
C1589745212,110520,75,1
C355222677,53083,59,1
C920926249,232486,18,1
C834153999,17549,80,1
C1319778140,13550,62,1
C428089645,12099,05,1
C1916139819,13802,16,1
C222882200,11816,56,1
C19423,69038,41,1
C1064040618,13285,98,1
C1432929903,12787,03,1
C61334373,10788,66,1
C125802780,23377,76,1
C2074826904,189592,17,1
C395257482,14949,84,1
C140702728,14949,84,1
C1464031233,20051,70,1
C1887115844,18658,63,1
C1252138909,15498,52,1
C1403780103,448593,63,1
C83210381,14775,56,1
C1131786259,11357,40,1
C1074976188,308871,37,1
C2038185019,183763,58,1
C1147545255,17827,48,1
C317053574,203471,91,1
C1405548909,21069,51,1
C2070372626,22012,11,1
C393549265,28118,46,1
C1208670252,12129,31,1
C848409667,25162,93,1
C1249890505,14841,59,1
C768669591,12691,84,1
C1112400678,28714,16,1
C1979825302,32733,62,1
C1234435772,84911,32,1
C594783641,21394,15,1
C1361409513,131087,07,1
C91831175,18483,96,1
C643552582,15245,32,1
C669501311,30017,69,1
C1872774414,55940,69,1
C79121205,10805,83,1
C734275312,45458,81,1
C156127720,68630,15,1
C1475982439,10738,05,1
C2118413714,122810,19,1
C1254907391,10006,72,1
C2055967078,41446,48,1
C182584006,60214,51,1
C430329518,963532,14,1
C1440057381,963532,14,1
C373682836,11101,89,1
C1825811850,132513,70,1
C1361931872,336413,40,1
C1835777333,11559,81,1
C1462182153,14462,98,1
C2051562038,10399,14,1
C1043535321,279843,20,1
C1850477964,330334,44,1
C170082758,63057,49,1
C759099777,256624,13,1
C83532470,128357,05,1
C146638536,115800,39,1
C142993407,245091,49,1
C1255958078,358456,99,1
C2109615807,158406,66,1
C2101326063,89412,56,1
C1480805145,185611,95,1
C843100836,87732,74,1
C835070183,57908,35,1
C1037242711,101485,50,1
C778330045,203330,05,1
C1966787205,71579,52,1
C1144499207,12786,76,1
C1723177853,10720,07,1
C1860118977,16734,50,1
C689213488,235419,91,1
C401862395,10534,49,1
C1423978346,69734,12,1
C284660111,74935,58,1
C734230775,10625,75,1
C472262461,11689,02,1
C1962586186,14925,71,1
C645777794,178805,23,1
C1845760645,194008,39,1
C1391818342,381479,99,1
C643328884,280267,65,1
C193492784,163717,43,1
C315998990,106336,36,1
C404588697,210833,38,1
C2008762581,108702,86,1
C995381766,293358,03,1
C1033304734,58981,28,1
C1760622380,37493,87,1
C1947666055,256481,70,1
C1977508673,96785,24,1
C728746911,48183,10,1
C1335520301,97601,12,1
C132461369,108659,34,1
C1167522035,22228,50,1
C77163673,1096187,24,1
C1093223281,1096187,24,1
C1850680894,20442,39,1
C310014578,20461,89,1
C1511799988,16473,03,1
C1406114969,36622,73,1
C1636824514,10819,89,1
C621432843,148688,71,1
C1003663195,132382,57,1
C13063602,68588,88,1
C632206764,94658,15,1
C21331934,312856,00,1
C30173198,10994,82,1
C585803886,11378,85,1
C1168956689,341122,21,1
C973615092,454775,22,1
C1562912969,295143,53,1
C967343730,214983,83,1
C606826010,30095,32,1
C224219987,51630,01,1
C797539755,93793,88,1
C1955406455,18672,02,1
C1092382020,68968,25,1
C392795843,36361,34,1
C1457499015,16811,10,1
C1702089463,15630,00,1
C33238366,12710,27,1
C18459190,12882,91,1
C87784678,13651,49,1
C1961667779,10693,28,1
C1756039478,15803,60,1
C1417941371,10909,31,1
C197149397,108157,51,1
C1797112335,14229,35,1
C230991505,11000,73,1
C2127481101,31958,09,1
C1242969461,10625,49,1
C316731851,365254,36,1
C791412502,101226,51,1
C848102479,24953,83,1
C1457157255,10324,30,1
C1015539383,56432,77,1
C1054913783,48899,07,1
C1326413897,18062,09,1
C318555935,18763,84,1
C1644987969,11528,22,1
C356519935,140396,66,1
C1441014857,12039,23,1
C1184248953,17453,51,1
C939829672,10211,96,1
C1755634886,16947,34,1
C783172425,14349,18,1
C1535454025,15186,43,1
C1012776440,106622,70,1
C1198515856,12165,21,1
C1974356511,65971,82,1
C641980258,21501,47,1
C1830669823,15774,38,1
C1617550648,24445,19,1
C110233108,38473,99,1
C2070438137,222108,22,1
C1860060918,147176,03,1
C553846997,11760,28,1
C1254649194,26596,11,1
C901852282,13832,09,1
C455036946,10553,58,1
C1551350415,52054,69,1
C1578959831,55898,94,1
C1273689789,13126,23,1
C498748934,149935,68,1
C1706939736,82616,30,1
C1778994610,106141,92,1
C1930401429,53763,65,1
C1659452474,10684,01,1
C265939934,14287,64,1
C560858993,16171,20,1
C1153256202,10967,10,1
C680306160,13400,40,1
C768795248,432168,02,1
C1071933072,276138,13,1
C1225927567,127143,23,1
C170778406,10273,19,1
C1130258687,12605,06,1
C1240328647,230943,69,1
C1513071903,194351,55,1
C162144258,14126,82,1
C684407333,637758,38,1
C1332439166,459709,79,1
C555943503,957339,52,1
C285058000,44944,32,1
C1369885738,2032275,62,1
C1778422985,168001,93,1
C2099878104,395709,23,1
C1512273713,1147953,82,1
C1864007931,2441078,30,1
C538375433,1755646,72,1
C811792884,277611,59,1
C1107201631,172867,65,1
C1716855490,94087,34,1
C886343183,176127,45,1
C947462790,104267,94,1
C2016142571,92236,11,1
C2011982397,10169,55,1
C1765350920,166808,69,1
C2121551683,519973,96,1
C1167792250,91424,21,1
C347136295,247199,96,1
C724886412,16910,42,1
C663119869,18975,26,1
C2111181256,27018,50,1
C1547994163,25767,46,1
C82517097,11335,23,1
C1878454236,10928,31,1
C1994085390,219583,95,1
C1289454852,457194,09,1
C1969875555,189476,67,1
C1875025322,12061,28,1
C173431997,124041,53,1
C848961421,11388,10,1
C638204510,19270,14,1
C1552836537,282944,06,1
C1891673045,48206,82,1
C534643569,134543,60,1
C1018742990,14166,38,1
C178575564,100740,53,1
C1713453581,197761,38,1
C674233333,18952,73,1
C1446511153,289715,28,1
C1886381510,25424,36,1
C1988664928,119542,86,1
C1905114489,11380,13,1
C1037572328,15646,06,1
C1097380,12000,58,1
C336400944,26035,82,1
C1055300312,13890,24,1
C426052262,279422,78,1
C959897458,93459,27,1
C284268103,12122,55,1
C500660587,10019,06,1
C2044272973,10808,31,1
C874111547,136564,27,1
C1137935956,10493,40,1
C1788582153,214202,66,1
C1735962278,11608,18,1
C353296011,15326,30,1
C1041735841,145515,24,1
C1899609393,12273,24,1
C250702170,62820,46,1
C832322085,14223,81,1
C2011912080,22941,92,1
C638580151,14157,15,1
C333085360,10972,97,1
C1880052106,12128,78,1
C2005762793,23235,78,1
C1805845895,10729,47,1
C829053325,10255,93,1
C902654164,347391,16,1
C960004592,383533,35,1
C1095849663,75915,44,1
C1955587357,462688,96,1
C1386020581,83845,22,1
C584157293,108019,99,1
C1529002352,149617,83,1
C2000421523,10855,04,1
C1939869193,601898,44,1
C1294139740,57716,15,1
C540206885,183465,11,1
C1677921169,36010,90,1
C979532928,153596,45,1
C361903111,32535,91,1
C628164202,24174,02,1
C943165647,26784,93,1
C1832657711,22940,17,1
C1285072597,200612,49,1
C1499825229,235238,66,1
C1872047468,235238,66,1
C1455064947,11430,86,1
C1360440329,11068,42,1
C219812012,194415,49,1
C123418227,11020,46,1
C945064729,345858,07,1
C722160979,68051,17,1
C1366629983,159657,10,1
C205810452,11607,88,1
C65551384,156232,74,1
C1275626728,512866,85,1
C296204898,10021,49,1
C602830277,219630,79,1
C70788844,23430,56,1
C915233792,549884,88,1
C1471800355,114580,22,1
C1842952737,90667,11,1
C2012095985,373610,77,1
C1991386317,46961,70,1
C1919555524,222321,36,1
C1272744797,17488,56,1
C5021240,14736,92,1
C128028301,107440,87,1
C1788256184,218499,73,1
C1618326227,12040,95,1
C2017380745,22190,99,1
C1378280450,34115,82,1
C509806761,10726,49,1
C1580874189,302665,03,1
C632841653,100939,43,1
C1502882632,138647,54,1
C1500588149,11468,90,1
C1928174253,18832,61,1
C761680655,20135,64,1
C797416363,32101,86,1
C1545666472,15028,75,1
C99042020,25642,60,1
C138933223,16859,52,1
C1592712032,457552,45,1
C232726781,16085,74,1
C442205321,79386,85,1
C125865913,44670,27,1
C1395173825,291713,22,1
C689448569,12911,82,1
C123674777,32282,57,1
C944348744,10364,62,1
C2068100669,56565,27,1
C918307166,216007,53,1
C931911789,10719,85,1
C1366499339,10543,05,1
C10885570,287126,39,1
C1366212088,236277,01,1
C1601756706,256481,43,1
C1788034018,443200,31,1
C1538849250,125275,00,1
C1482344533,154611,64,1
C1777043124,271982,10,1
C704869156,472609,82,1
C1962865655,286737,98,1
C1423752095,183842,53,1
C1538462491,335979,26,1
C990684641,33349,84,1
C516413619,119537,32,1
C1161382705,43721,10,1
C116184677,53094,17,1
C1936375962,144659,77,1
C698498109,11353,99,1
C1299126654,10757,70,1
C340789130,383736,31,1
C2006835220,38829,90,1
C678680178,84051,00,1
C1626529981,289326,88,1
C559998250,86401,93,1
C1511004956,236343,99,1
C333879495,146534,96,1
C2015007762,10183,10,1
C222300483,11488,23,1
C1532800776,21840,26,1
C1560670039,28147,47,1
C809822663,27845,63,1
C1031586763,14432,60,1
C205278236,14204,94,1
C1923810797,11491,76,1
C1329897103,21902,51,1
C1497558532,14403,17,1
C13692003,132842,64,1
C1612496268,233255,73,1
C2049348234,614317,64,1
C1290698656,361980,67,1
C244577237,141648,13,1
C178393154,207283,84,1
C1299145277,40030,78,1
C510368405,112193,65,1
C1871542036,198137,40,1
C2026371507,12939,66,1
C1492219097,36448,64,1
C795594631,107421,26,1
C1098568947,14750,26,1
C1012552887,272709,33,1
C159917166,14546,65,1
C1414744767,17540,66,1
C1164241227,450465,15,1
C2076829355,12749,19,1
C8197402,58516,68,1
C1853422837,26844,84,1
C1236303587,10286,48,1
C1275464847,25071,46,1
C669700766,25071,46,1
C967460257,416106,78,1
C233519968,11261,67,1
C1373861264,57643,24,1
C742568993,422125,99,1
C778337881,135357,16,1
C1272115420,598674,03,1
C358420513,476934,35,1
C1925059423,60850,80,1
C1974606907,241488,05,1
C793319856,301680,88,1
C1306085976,20986,80,1
C843686350,33663,22,1
C1093441885,63557,19,1
C1232433403,49177,38,1
C817490653,370751,08,1
C1713546896,55855,58,1
C1805412777,328967,35,1
C310212872,106705,80,1
C1596009860,118753,07,1
C1492822331,48169,69,1
C80722676,315552,62,1
C1247866422,94527,39,1
C486759395,565349,90,1
C406358588,87963,90,1
C1795468466,54684,17,1
C1323514615,173570,67,1
C1599823012,16662,21,1
C778806426,427823,47,1
C1655242052,254399,35,1
C1082795132,607537,17,1
C1868809295,161795,90,1
C102318785,60360,45,1
C2114687352,139247,62,1
C1671007220,53569,21,1
C62739928,29572,74,1
C1046009438,13576,03,1
C1011104118,41295,56,1
C1062181581,249740,75,1
C195163481,2604219,11,1
C2142129482,169106,97,1
C820587705,132355,33,1
C1417413828,276094,92,1
C605686842,864389,49,1
C1219553025,2317408,88,1
C573102881,473469,94,1
C2030121719,252129,73,1
C2065886345,42529,28,1
C1466413743,331545,25,1
C2002097394,27008,84,1
C866529530,42136,28,1
C289711450,24495,45,1
C634156144,18392,23,1
C701724503,11063,08,1
C1046056441,556542,19,1
C828447060,291753,70,1
C136312946,1918461,70,1
C327840833,2107293,71,1
C2141066548,548288,31,1
C1618683794,651387,84,1
C1602785474,1636507,63,1
C684230144,210650,20,1
C1444494461,1212719,61,1
C1821010113,287509,05,1
C1968196847,297448,33,1
C1787987889,96757,40,1
C1726715997,16626,81,1
C2110558717,118365,47,1
C910504711,47940,14,1
C906448455,300932,58,1
C1191874608,498178,68,1
C1745903324,229316,19,1
C211199210,301706,01,1
C185164978,15640,06,1
C1969856053,11711,10,1
C1870749311,13812,46,1
C1264701638,332573,12,1
C1400582895,13812,23,1
C1625939772,96833,52,1
C435803541,206336,47,1
C357653585,18792,11,1
C989033734,17396,31,1
C828610686,13496,51,1
C247795540,12491,01,1
C278879704,15751,26,1
C624693846,10884,19,1
C2124731287,11287,39,1
C495857386,12762,36,1
C715289224,12429,59,1
C78265654,94740,26,1
C1015122628,98247,27,1
C1132379993,182385,22,1
C1691629865,10142,56,1
C1747371038,16749,98,1
C152848959,354832,51,1
C1997625595,221452,04,1
C989440614,119352,09,1
C7395550,10425,95,1
C1437983537,10810,73,1
C54134077,10685,20,1
C1438000681,12445,65,1
C1398508580,11334,96,1
C1735330400,14054,64,1
C1971283804,16265,77,1
C877363600,19316,50,1
C308021294,10349,31,1
C1405055124,244964,08,1
C1949126165,30308,45,1
C1312843412,69490,69,1
C1721576219,24659,46,1
C990870941,21897,30,1
C1907467420,14711,90,1
C1061018585,18389,77,1
C1951500432,20007,91,1
C1011481270,12123,91,1
C1659435106,17389,94,1
C1658785779,19572,25,1
C1365711624,28301,88,1
C699871906,14145,51,1
C1316001196,11917,23,1
C46259342,15350,84,1
C512238546,11301,82,1
C1517116047,21502,38,1
C1769598893,259096,62,1
C3886839,119570,96,1
C1033880954,11479,22,1
C1574573264,13840,98,1
C1999036805,286590,92,1
C1965036946,26112,94,1
C130850024,11508,76,1
C987595204,29587,32,1
C1371400311,11679,19,1
C1851522556,333946,96,1
C1998882269,12617,81,1
C237484673,151768,14,1
C195970976,358124,44,1
C234223040,23069,76,1
C465152579,18187,81,1
C1107404311,21820,68,1
C1809129176,12960,72,1
C1533672820,17457,70,1
C295055909,18625,28,1
C428245792,40149,38,1
C1048128739,315325,25,1
C2111247080,31922,09,1
C651235118,16472,92,1
C366916060,722161,86,1
C615853374,130470,14,1
C1637601612,13525,15,1
C1733619456,139555,44,1
C1356236848,12363,37,1
C1822630059,265803,38,1
C501951555,421520,68,1
C1803890702,16709,74,1
C507061061,10287,60,1
C1009916891,204691,97,1
C242408359,490341,11,1
C866273692,273951,34,1
C280223635,81222,77,1
C681747431,13693,11,1
C1964926542,70543,76,1
C1372137902,10239,16,1
C841537936,130905,88,1
C1857910993,302151,25,1
C452457802,124832,65,1
C1490985125,379953,15,1
C1498016680,12271,39,1
C210474732,13343,47,1
C596333086,288638,46,1
C478182173,412906,88,1
C1017792343,153952,87,1
C1481751887,286803,50,1
C726051009,13695,83,1
C577245010,139754,72,1
C622820646,17994,24,1
C437630857,13268,46,1
C347808407,378703,81,1
C1568949719,274108,40,1
C1658487789,271161,74,1
C94682872,10707,60,1
C1540832538,38167,00,1
C616443292,105351,94,1
C324507700,129431,13,1
C843867341,319825,94,1
C1928312257,1417001,19,1
C5255258,494972,01,1
C695248316,1201716,66,1
C1731137986,902505,61,1
C248483913,2223005,62,1
C727497138,435589,96,1
C1460126155,191177,92,1
C846274760,100362,16,1
C749100260,75752,73,1
C361571676,133637,07,1
C1886567481,59531,87,1
C1363800072,109552,96,1
C913746983,200774,62,1
C679449777,699928,86,1
C649630909,855931,40,1
C1551303995,353312,93,1
C1466558382,605790,20,1
C564526486,351854,11,1
C973604791,902485,36,1
C1094272405,289203,45,1
C220165304,755499,13,1
C1739555643,1628887,72,1
C780843029,43023,82,1
C792488644,19772,53,1
C1251219927,250968,18,1
C12139181,2258388,15,1
C254918854,373185,07,1
C1366722422,424141,36,1
C1510087865,205368,78,1
C748975217,68332,36,1
C641664202,223848,92,1
C201392112,131033,44,1
C268379633,208376,61,1
C1554086576,11411,34,1
C1263391254,45864,43,1
C1520491508,301298,69,1
C1091781053,13259,12,1
C795273218,265763,02,1
C1676888944,11982,62,1
C214320652,249592,99,1
C2103569615,221297,05,1
C752011518,600581,61,1
C577734751,598782,65,1
C566891420,539430,95,1
C2010070923,443116,03,1
C1177072083,682894,68,1
C1906947271,569068,84,1
C883678948,789419,02,1
C345290829,668237,36,1
C1700421020,112401,53,1
C458998685,1127058,69,1
C197491520,3776389,09,1
C537536188,33782,98,1
C669725336,11136,72,1
C557197074,127920,40,1
C2114629072,419757,69,1
C521342639,63186,93,1
C1091107430,39069,42,1
C1494277749,18561,23,1
C310276293,281425,06,1
C1495445111,10777,89,1
C1441243996,12187,88,1
C463381475,14025,72,1
C1988746735,12462,90,1
C977997405,151096,79,1
C1602167682,427175,03,1
C1298380324,107292,25,1
C609887969,161796,96,1
C1635772897,35063,63,1
C1364127192,35063,63,1
C1395073533,160700,51,1
C2017860548,264361,19,1
C983767354,47564,74,1
C229919394,17373,04,1
C896852376,12426,38,1
C1556461159,310157,55,1
C1402531280,12178,51,1
C1968552224,66225,76,1
C1427775702,10430,39,1
C1609086753,540789,56,1
C1457226878,363482,02,1
C2113243119,208501,33,1
C779598031,13373,96,1
C1251897263,25554,79,1
C1228963996,13288,84,1
C1163088324,334262,17,1
C1428494531,10932,41,1
C637091966,221654,28,1
C707635461,12621,09,1
C105321150,11770,54,1
C52451302,10059,70,1
C1924227192,242940,23,1
C105751207,197186,52,1
C315461968,13427,34,1
C1193841543,472385,25,1
C903268937,12162,01,1
C1726616678,13252,81,1
C559050604,10891,96,1
C1278616846,117023,79,1
C98351968,209370,56,1
C1629454900,700967,19,1
C26357357,56145,85,1
C1800500978,111899,09,1
C467632528,1277212,77,1
C1334405552,1277212,77,1
C1877986974,174068,82,1
C1572127577,19741,22,1
C1200048933,411363,54,1
C949673757,10627,18,1
C1928621590,15266,05,1
C118555812,68662,06,1
C749443480,12728,46,1
C789982400,12256,66,1
C216376974,13758,63,1
C1562764987,102265,88,1
C1780293706,17020,69,1
C852190062,283123,48,1
C1636178473,251241,14,1
C1059300256,15034,23,1
C1733056574,47477,97,1
C1324514662,132038,41,1
C1709578324,10285,86,1
C1717739363,10497,33,1
C681639276,13954,75,1
C1230013344,31188,22,1
C130166095,19644,08,1
C754072705,13136,44,1
C503595296,156819,60,1
C1597742167,327066,19,1
C859123506,236825,42,1
C626193099,39485,21,1
C1052768296,132574,00,1
C727250772,76635,24,1
C99770475,114499,14,1
C1533547487,142282,63,1
C493944943,66312,08,1
C1788380050,92553,64,1
C1751500625,69708,79,1
C144699438,82054,36,1
C114414807,65025,30,1
C1396385390,131991,26,1
C100445376,59390,46,1
C480402503,105759,12,1
C1774690057,256773,54,1
C407493402,128278,74,1
C698747943,194620,68,1
C2044825144,306280,12,1
C4073506,234268,82,1
C1627010197,166335,32,1
C1174586025,73513,50,1
C1784834205,49661,18,1
C1107579932,152757,58,1
C1624817884,126167,70,1
C265577219,169854,57,1
C1373577787,386683,04,1
C1586470445,161445,91,1
C753426788,285360,06,1
C1910896157,94296,25,1
C1541046463,34629,16,1
C388802347,517915,91,1
C479734028,27320,20,1
C1673916398,171757,76,1
C1403716230,155122,86,1
C9844218,96178,80,1
C421191743,63830,49,1
C747870628,25674,03,1
C1818747191,48252,82,1
C1523084197,107308,84,1
C1107204185,195490,04,1
C901689694,312471,16,1
C1251967187,46261,02,1
C1042891691,45756,23,1
C40875560,141111,15,1
C1878700101,94332,00,1
C16373883,179030,05,1
C407148497,113283,13,1
C1990421361,166817,98,1
C579447973,173512,93,1
C1160487387,205279,62,1
C1108706191,114057,61,1
C1335061928,681093,57,1
C1267042315,607616,73,1
C711310213,497424,19,1
C2024711353,134143,27,1
C413373997,26051,33,1
C293474277,94038,90,1
C1380976928,144964,23,1
C1032568028,77642,84,1
C1101598632,173597,57,1
C1407324654,41924,75,1
C82275756,621561,65,1
C295640874,123797,10,1
C144445623,30331,38,1
C1924990666,116206,75,1
C1196963249,312108,51,1
C1336775847,84212,94,1
C1950136544,326349,91,1
C593447952,483544,30,1
C2144067911,969631,31,1
C1153933106,799483,57,1
C1649847375,1440296,14,1
C706665172,348186,20,1
C1321115948,1193410,46,1
C355885103,1867849,02,1
C635288507,34390,85,1
C1135935001,639378,37,1
C1846982837,637161,00,1
C488600086,13614,91,1
C1496220730,62073,54,1
C50720817,51627,39,1
C2116299597,32132,45,1
C1453062635,345698,98,1
C1068445309,11656,12,1
C2014563089,88987,11,1
C1947941827,138857,19,1
C1734184086,463722,76,1
C1659309731,10498,05,1
C696165690,20573,40,1
C836969741,15448,00,1
C52913970,13679,84,1
C429058804,20560,86,1
C371976476,11881,78,1
C275056979,13527,16,1
C1988939205,11438,39,1
C407997647,32635,14,1
C258737099,22043,92,1
C970781872,21008,52,1
C163385254,13833,75,1
C1483145520,19375,50,1
C15892131,36651,07,1
C1705665942,17348,25,1
C749981943,416001,33,1
C739264372,287265,38,1
C1907241392,213490,87,1
C749486981,43670,84,1
C1076202543,431381,17,1
C1021565761,16631,14,1
C1592840862,406297,68,1
C1822434669,63807,17,1
C929706284,17851,54,1
C501608687,109732,52,1
C1491522744,38428,19,1
C1357686726,126774,50,1
C1662592920,248979,22,1
C1049590050,18288,91,1
C475394679,86204,31,1
C1058822905,60758,42,1
C726212590,377520,94,1
C690822257,108600,78,1
C466032056,596617,87,1
C1191864687,244361,81,1
C593768538,161613,93,1
C1821100643,10856,63,1
C662666707,86410,30,1
C1429616542,51749,94,1
C375074687,33269,25,1
C119112899,83859,59,1
C1768127248,213922,13,1
C1118430673,20128,00,1
C137533655,20128,00,1
C1441328175,10648,06,1
C647149086,11990,19,1
C2143571436,10040,52,1
C1374217958,172986,70,1
C1445424568,227768,63,1
C1011044643,12154,70,1
C821405322,32643,79,1
C1697281847,11938,61,1
C351656492,11889,61,1
C1171255580,16505,51,1
C1193398802,22276,00,1
C1527882132,14895,51,1
C1636588948,100588,80,1
C1394010463,227478,01,1
C24039137,562903,81,1
C1724814719,19561,05,1
C664091267,13465,91,1
C1659515968,51719,13,1
C2054757222,18437,04,1
C259251414,21530,96,1
C1215951090,14306,80,1
C934740803,195314,34,1
C1979055448,95636,49,1
C1547398254,12666,68,1
C1871680329,276460,62,1
C177104018,145944,67,1
C1086849943,147804,02,1
C582300198,420532,33,1
C1170788511,13449,95,1
C1047934137,373068,26,1
C1539947037,179253,24,1
C94830685,955855,00,1
C1765900922,982862,81,1
C1648700617,324397,94,1
C1172535934,739112,93,1
C2116179210,848231,57,1
C65080774,635507,97,1
C2029780820,983479,66,1
C2007599722,2061082,82,1
C1057507014,2545478,01,1
C1464177809,1478772,04,1
C1563053805,928722,69,1
C977160959,438437,09,1
C332365138,55536,86,1
C402808045,75442,68,1
C1974622245,108443,61,1
C552674617,161217,61,1
C169880779,176334,26,1
C967677821,1123206,66,1
C547441493,445038,71,1
C1055601039,180368,84,1
C396918327,1457213,54,1
C1262110193,314403,14,1
C1419332030,1349670,68,1
C106297322,2421578,09,1
C476579021,1538200,39,1
C1198197478,473499,51,1
C203149502,100677,86,1
C1540894701,211075,91,1
C992743048,80333,28,1
C511354923,53783,57,1
C1108517064,26923,42,1
C893640573,18781,84,1
C1927963027,522264,81,1
C1447353473,123179,97,1
C354605216,11348,71,1
C487416600,106267,21,1
C1985938863,40684,97,1
C867093003,28527,44,1
C1561745898,14420,66,1
C1888924788,15785,85,1
C785306763,36349,35,1
C2095677157,13310,78,1
C1279740095,410201,89,1
C425015667,12872,92,1
C140404585,302693,14,1
C594858858,58820,08,1
C1514214932,691738,36,1
C1957078537,498960,91,1
C1060703587,118056,71,1
C350069300,118235,16,1
C452364286,202624,59,1
C1431556341,51121,05,1
C2069500590,262392,36,1
C1677568775,116977,58,1
C1532139270,65521,42,1
C594651850,215338,28,1
C1936550492,369989,20,1
C2015301874,102153,86,1
C973936431,157883,07,1
C1544614339,280877,92,1
C792855998,10265,17,1
C201677908,480222,51,1
C553759818,32702,61,1
C1389774257,12401,90,1
C859690270,61159,51,1
C2082351661,71532,24,1
C1544078442,12121,50,1
C2123222442,171369,73,1
C146874094,64489,64,1
C1557989809,252908,87,1
C50503805,128487,35,1
C746280996,26759,05,1
C913065088,91379,93,1
C990679445,71991,42,1
C1640612861,503333,79,1
C758572926,106117,28,1
C307488715,73464,06,1
C1620529408,68912,23,1
C2036775591,136030,66,1
C1088417975,163100,34,1
C1393828949,101940,14,1
C2018260103,89962,11,1
C768776793,10782,94,1
C1458091526,323105,08,1
C500618423,271002,70,1
C264978436,187728,59,1
C691691381,338767,10,1
C1620409359,82691,56,1
C2120063568,36437,06,1
C2121995675,210370,09,1
C938463537,88834,86,1
C1634723627,178439,26,1
C1033348658,171508,59,1
C2007486296,55105,90,1
C1408279755,202332,08,1
C1299327689,365510,05,1
C2052457859,191702,06,1
C589363823,296752,75,1
C1112456099,26004,52,1
C873309260,151829,91,1
C172215878,80311,89,1
C403547747,112086,81,1
C1800649922,57279,11,1
C1760219993,190445,51,1
C925150995,29784,06,1
C1123559518,220691,42,1
C25936709,19162,08,1
C1711185459,15918,79,1
C1141113940,57794,61,1
C489411441,105979,34,1
C1280641161,34729,64,1
C269892014,44443,08,1
C1233327519,89038,75,1
C599782425,114712,48,1
C1966355106,25793,74,1
C888611662,169409,87,1
C793293778,344464,40,1
C2029372696,193605,38,1
C141110631,47913,58,1
C1261044180,267148,82,1
C1446001495,289645,52,1
C1233595751,53631,83,1
C980364771,154716,20,1
C2092709730,139054,95,1
C324112183,81029,86,1
C976827477,186447,51,1
C1863655430,281339,92,1
C1527152775,187726,67,1
C1890266440,99109,77,1
C247162961,83857,23,1
C855700733,82685,93,1
C1642679791,154139,72,1
C1338905451,467177,03,1
C697508322,184986,80,1
C753631393,177652,91,1
C722417467,679502,24,1
C181252244,17150,89,1
C1494346128,330757,04,1
C743778731,335416,51,1
C1687354037,419801,40,1
C781091365,11648,50,1
C460741164,85423,63,1
C1896074070,212228,35,1
C24650043,176149,90,1
C1631227617,78292,91,1
C69062746,14121,82,1
C1740826931,50101,88,1
C263053820,75405,10,1
C2091072548,28404,60,1
C605982374,11996,58,1
C843299092,581294,26,1
C835773569,710544,77,1
C1495608502,1724887,05,1
C1839168128,583848,46,1
C1556867940,209711,11,1
C288306765,367768,40,1
C908084672,358831,92,1
C1520267010,1429051,47,1
C412788346,761507,39,1
C12905860,147543,10,1
C1603696865,554026,99,1
C926859124,1505626,01,1
C1449772539,379856,23,1
C1443967876,125872,53,1
C873175411,224606,64,1
C1376151044,78766,03,1
C1243171897,17231,46,1
C207471778,77957,68,1
C283039401,42712,39,1
C807322507,12986,61,1
C1718906711,94253,33,1
C1533123860,136872,92,1
C527211736,47458,86,1
C1528834618,82940,31,1
C1976401987,62610,80,1
C2072313080,23261,30,1
C1570470538,56953,90,1
C484199463,13875,98,1
C768216420,110414,71,1
C1238616099,24213,67,1
C1984094095,311685,89,1
C1670993182,215310,30,1
C905080434,229133,94,1
C1716932897,11633,76,1
C2048537720,11668,14,1
